feature,coefficient,odds_ratio
CP Pre-Crash Movement_Parking Maneuver,-3.079873381815502,0.04596507629511073
Crash With_Pole / Tree,2.700050659984931,14.880485550952045
automation_level_L2,2.4427607233961224,11.504758396487523
automation_level_ADS,-2.3639399521756235,0.09404894392407287
Crash With_Non-Motorist: Cyclist,-2.2868258700619344,0.10158840543725785
Crash With_Non-Motorist: Pedestrian,-2.0094308514793617,0.13406495583037098
CP Pre-Crash Movement_Merging,-1.7919251671392367,0.16663905263599318
SV Pre-Crash Movement_Parking Maneuver,-1.7390031703485285,0.17569545179037488
SV Pre-Crash Movement_Passing,1.6562491956587506,5.239621147683374
SV Pre-Crash Movement_Entering Traffic,-1.5968231996196576,0.2025389227854369
CP Pre-Crash Movement_NM in Roadway - Other,1.5689802251165754,4.80174899313916
Crash With_Bus,1.4486628879069239,4.2574180624430396
Crash With_Animal,-1.4418080969452698,0.2364997573759285
CP Pre-Crash Movement_NM Crossing Roadway,1.4290208196748606,4.174609494492234
CP Pre-Crash Movement_Unknown,1.3932795708735406,4.028038652942838
Crash With_Unknown,1.2221632551595245,3.3945230161456927
Crash With_Heavy Truck,1.11842810569516,3.0600403608426374
CP Pre-Crash Movement_Traveling Wrong Way,1.1012106360082365,3.007805177910684
Crash With_Non-Motorist: Other,-1.001343478028183,0.3673855350754912
SV Pre-Crash Movement_Lane / Road Departure,0.8542459483649942,2.3496019911992527
CP Pre-Crash Movement_Backing,-0.7709326931803999,0.46258142050875045
Weather - Severe Wind_ ,0.7619238073362461,2.1423938114326107
SV Pre-Crash Movement_Unknown,0.7419355604611503,2.099996253040066
CP Pre-Crash Movement_Entering Traffic,-0.7410660892389584,0.4766055405446352
SV Pre-Crash Movement_Merging,-0.732413901793713,0.4807471120085909
Roadway Type_Highway / Freeway,-0.6928323883398092,0.5001574208862032
Weather - Severe Wind_Y,-0.6831030361157884,0.5050473780857688
Crash With_Pickup Truck,0.6544942577932006,1.9241691377115584
Roadway Type_Unknown,-0.6337447035859448,0.5306011321384764
"CP Pre-Crash Movement_Other, see Narrative",0.6309938000929605,1.8794774763401516
SV Precrash Speed (MPH),0.6176358452557328,1.8545384391914712
Roadway Type_Rural Road,0.6114178006743887,1.8430426143141545
SV Pre-Crash Movement_Crossing into Opposing Lane,0.5133199174661272,1.6708290117310942
Crash With_Motorcycle,-0.49649387412104745,0.6086609649318544
Crash With_Passenger Car,0.4932010160481414,1.637549662068487
Crash With_Other Fixed Object,-0.4866472845840517,0.6146838031665945
Roadway Type_Parking Lot,0.4735812794721912,1.6057344922494863
Weather - Clear_Y,0.4734481672193121,1.6055207635389679
SV Pre-Crash Movement_Making U-Turn,-0.4484121512826161,0.6386414129044162
Weather - Cloudy_Y,0.44525776421008845,1.5608924862011484
SV Pre-Crash Movement_Proceeding Straight,0.43611677222484774,1.5466893945664029
CP Pre-Crash Movement_Making Left Turn,0.4202690266703693,1.522371058949561
Roadway Type_Traffic Circle,-0.414057308431614,0.6609630714235276
Weather - Rain_Y,0.4110461845534264,1.508395019499736
CP Pre-Crash Movement_Crossing into Opposing Lane,0.403185383798398,1.496584308432221
SV Pre-Crash Movement_Making Left Turn,0.39561322559147816,1.4852947324495223
Weather - Clear_ ,-0.39462739599883767,0.673931101897564
Roadway Type_Intersection,0.3882006367654929,1.4743255585269024
"SV Pre-Crash Movement_Other, see Narrative",0.3723674381990545,1.4511660972008706
Weather - Cloudy_ ,-0.36643699298962806,0.693199811554339
CP Pre-Crash Movement_Proceeding Straight,0.3552016598889616,1.4264682867148493
"Crash With_Other, see Narrative",-0.3523798396601601,0.7030130390213727
Weather - Rain_ ,-0.3322254133329615,0.7173256098724569
SV Pre-Crash Movement_Stopped,-0.3247605491130959,0.7227003841730446
CP Pre-Crash Movement_Changing Lanes,-0.3221504485041777,0.7245891687724583
Automation System Engaged?_ADS,0.3198293682333218,1.3768928026391216
SV Pre-Crash Movement_Making Right Turn,-0.29397632233675225,0.7452941380579939
CP Pre-Crash Movement_Passing,-0.28830953040721846,0.7495295541413548
Crash With_SUV,0.2674088339669689,1.3065745091914298
Weather - Snow_Y,0.24859518522910312,1.2822228652380676
SV Pre-Crash Movement_Backing,0.2474701689904105,1.2807811548189283
Roadway Type_Street,0.24734270067460878,1.2806179062069467
"Automation System Engaged?_Unknown, see Narrative",-0.2358659260037885,0.7898865700826889
CP Pre-Crash Movement_Lane / Road Departure,-0.2063958361354975,0.813510995492878
Weather - Fog/Smoke/Haze_Y,0.17057176324748088,1.1859827588542498
Weather - Snow_ ,-0.169774414008641,0.8438551570286706
Report Month,0.15847457572915133,1.1717221336656143
CP Pre-Crash Movement_Making U-Turn,0.14217181803880394,1.1527746990101626
SV Pre-Crash Movement_Changing Lanes,-0.13770207426445552,0.8713582531273564
Crash With_Van,0.1324780246965452,1.1416539276220226
Crash With_First Responder Vehicle,0.11686302484902092,1.1239654638069272
Roadway Type_Unpaved Road,0.09891275399117991,1.1039699783826529
CP Pre-Crash Movement_Stopped,-0.09594626799809804,0.9085128309703949
Weather - Fog/Smoke/Haze_ ,-0.09175099202702319,0.9123322992793941
Roadway-Wet Surface Condition_Unknown,0.07882077122045546,1.0820103772912144
Roadway-Work Zone_Unknown,0.07882077122045546,1.0820103772912144
Roadway-Traffic Incident_Unknown,0.07882077122045546,1.0820103772912144
SV Pre-Crash Movement_Parked,0.07482932647085225,1.0777002002907827
CP Pre-Crash Movement_Parked,-0.06371895634070056,0.9382686569361244
SV Pre-Crash Movement_Traveling Wrong Way,0.05976458655161749,1.0615866053632308
CP Pre-Crash Movement_NM Moving on Sidewalk,-0.03696559060234816,0.9637092954349082
CP Pre-Crash Movement_Making Right Turn,0.03179179241992478,1.0323025497124219
Automation System Engaged?_ADAS,-0.0051426710090706745,0.9948705298845043
