incident_key,Report ID,Report Version,Reporting Entity,Report Type,Report Month,Report Year,Report Submission Date,VIN,VIN Decoded,Serial Number,Make,Make - Unknown,Model,Model - Unknown,Model Year,Model Year - Unknown,Same Vehicle ID,Driver / Operator Type,Automation Feature Version,Automation Feature Version CBI,Automation System Engaged?,Engagement Status,Operating Entity,Operating Entity - Unknown,Source - Complaint/Claim,Source - Telematics,Source - Law Enforcement,Source - Field Report,Source - Testing,Source - Media,Source - Internal Process Review,Source - NHTSA VOQ,Source - Other - See Narrative,Source - Other Entity,Source - State or Other Agency,Incident Date,Incident Date - Unknown,Incident Time (24:00),Incident Time - Unknown,Same Incident ID,Latitude,Latitude - Unknown,Longitude,Longitude - Unknown,Address,Address - Unknown,City,City - Unknown,State,Zip Code,Zip Code - Unknown,Roadway Type,Roadway-Degraded Surface,Roadway-Missing/Degraded Marking,Roadway-No Unusual Conditions,Roadway-Other-See Narrative,Roadway-Traffic Incident,Roadway-Unknown,Roadway-Wet Surface Condition,Roadway-Work Zone,Weather - Clear,Weather - Snow,Weather - Cloudy,Weather - Partly Cloudy,Weather - Fog/Smoke/Haze,Weather - Rain,Weather - Severe Wind,Weather - Dust Storm,Weather - Severe Hurricane,Weather - Structure-Indoor,Weather - Unk - See Narrative,Crash With,Highest Injury Severity Alleged,CP Pre-Crash Movement,CP Contact Area - Rear Left,CP Contact Area - Left,CP Contact Area - Front Left,CP Contact Area - Rear,CP Contact Area - Top,CP Contact Area - Front,CP Contact Area - Rear Right,CP Contact Area - Right,CP Contact Area - Front Right,CP Contact Area - Bottom,CP Contact Area - Unknown,SV Pre-Crash Movement,Any Air Bags Deployed?,Was Any Vehicle Towed?,Were All Passengers Belted?,SV Precrash Speed (MPH),SV Pre-crash Speed - Unknown,SV Contact Area - Rear Left,SV Contact Area - Left,SV Contact Area - Front Left,SV Contact Area - Rear,SV Contact Area - Top,SV Contact Area - Front,SV Contact Area - Rear Right,SV Contact Area - Right,SV Contact Area - Front Right,SV Contact Area - Bottom,SV Contact Area - Unknown,Data Availability - EDR,Data Availability - Police Rpt,Data Availability - Telematics,Data Availability - Complaints,Data Availability - Video,Data Availability - Other,Data Availability - No Data,Data Availability - Unknown,Investigating Agency,Investigating Agency - Unknown,Within ODD?,Within ODD? - CBI,Narrative,Narrative - CBI?,automation_level,era,Mileage,Mileage - Unknown,ADAS/ADS System Version,ADAS/ADS System Version - Unk,ADAS/ADS System Version CBI,ADAS/ADS Hardware Version,ADAS/ADS Hardware Version - Unk,ADAS/ADS Hardware Version CBI,ADAS/ADS Software Version,ADAS/ADS Software Version - Unk,ADAS/ADS Software Version CBI,Other Reporting Entities?,Other Reporting Entities? - Unk,Other Reporting Entities? - NA,Federal Regulatory Exemption?,Other Federal Reg. Exemption,Federal Reg. Exemption - Unk,Federal Reg. Exemption - No,State or Local Permit?,State or Local Permit,ADS Equipped?,Source - Other,Source - Other Text,Notice Received Date,Roadway Surface,Roadway Description,Posted Speed Limit (MPH),Posted Speed Limit - Unknown,Lighting,Weather - Other,Weather - Other Text,Property Damage?,CP Any Air Bags Deployed?,CP Was Vehicle Towed?,Law Enforcement Investigating?,Rep Ent Or Mfr Investigating?,Investigating Officer Name,Inv. Officer Name - Unknown,Investigating Officer Phone,Inv. Officer Phone - Unknown,Investigating Officer Email,Inv. Officer Email - Unknown,injury_rank,airbag_flag,towed_flag,injury_flag,severe,severity_known,Report Month__is_missing,Report Year__is_missing,VIN Decoded__is_missing,Make - Unknown__is_missing,Model__is_missing,Model Year__is_missing,Driver / Operator Type__is_missing,Automation Feature Version__is_missing,Automation Feature Version CBI__is_missing,Engagement Status__is_missing,Operating Entity__is_missing,Source - Internal Process Review__is_missing,Source - NHTSA VOQ__is_missing,Source - Other - See Narrative__is_missing,Source - Other Entity__is_missing,Source - State or Other Agency__is_missing,Incident Date__is_missing,Incident Time (24:00)__is_missing,Latitude__is_missing,Longitude__is_missing,City__is_missing,State__is_missing,Zip Code__is_missing,Roadway-Degraded Surface__is_missing,Roadway-Missing/Degraded Marking__is_missing,Roadway-No Unusual Conditions__is_missing,Roadway-Other-See Narrative__is_missing,Roadway-Traffic Incident__is_missing,Roadway-Unknown__is_missing,Roadway-Wet Surface Condition__is_missing,Roadway-Work Zone__is_missing,Weather - Partly Cloudy__is_missing,Weather - Dust Storm__is_missing,Weather - Severe Hurricane__is_missing,Weather - Structure-Indoor__is_missing,CP Pre-Crash Movement__is_missing,CP Contact Area - Rear Left__is_missing,CP Contact Area - Left__is_missing,CP Contact Area - Front Left__is_missing,CP Contact Area - Rear__is_missing,CP Contact Area - Top__is_missing,CP Contact Area - Front__is_missing,CP Contact Area - Rear Right__is_missing,CP Contact Area - Right__is_missing,CP Contact Area - Front Right__is_missing,CP Contact Area - Bottom__is_missing,CP Contact Area - Unknown__is_missing,SV Precrash Speed (MPH)__is_missing,Investigating Agency__is_missing,Within ODD?__is_missing,Mileage__is_missing,Mileage - Unknown__is_missing,ADAS/ADS System Version__is_missing,ADAS/ADS System Version - Unk__is_missing,ADAS/ADS System Version CBI__is_missing,ADAS/ADS Hardware Version__is_missing,ADAS/ADS Hardware Version - Unk__is_missing,ADAS/ADS Hardware Version CBI__is_missing,ADAS/ADS Software Version__is_missing,ADAS/ADS Software Version - Unk__is_missing,ADAS/ADS Software Version CBI__is_missing,Other Reporting Entities?__is_missing,Other Reporting Entities? - Unk__is_missing,Other Reporting Entities? - NA__is_missing,Federal Regulatory Exemption?__is_missing,Other Federal Reg. Exemption__is_missing,Federal Reg. Exemption - Unk__is_missing,Federal Reg. Exemption - No__is_missing,State or Local Permit?__is_missing,State or Local Permit__is_missing,ADS Equipped?__is_missing,Source - Other__is_missing,Source - Other Text__is_missing,Notice Received Date__is_missing,Roadway Surface__is_missing,Roadway Description__is_missing,Posted Speed Limit (MPH)__is_missing,Posted Speed Limit - Unknown__is_missing,Lighting__is_missing,Weather - Other__is_missing,Weather - Other Text__is_missing,Property Damage?__is_missing,CP Any Air Bags Deployed?__is_missing,CP Was Vehicle Towed?__is_missing,Law Enforcement Investigating?__is_missing,Rep Ent Or Mfr Investigating?__is_missing,Inv. Officer Name - Unknown__is_missing,Inv. Officer Phone - Unknown__is_missing,Inv. Officer Email - Unknown__is_missing,nav_av_stopped,nav_av_moving,nav_av_turning,nav_av_changing_lanes,nav_av_reversing,nav_av_struck_other,nav_other_struck_av,nav_rear_approach,nav_at_intersection,nav_on_highway,nav_in_parking_lot,nav_left_turn,nav_lane_change,nav_vulnerable_user,nav_emergency_vehicle,nav_large_vehicle,nav_av_disengaged,nav_hazard_lights,nav_double_parked,nav_speed_mentioned,nav_minor_damage_lang,nav_has_narrative,y_prob
06d315f5d5b5e61,30270-13092,1,Waymo LLC,5-Day,7.0,2024.0,NOV-2025,SADHW2S14R1,Y,[MAY CONTAIN PERSONALLY IDENTIFIABLE INFORMATION],JAGUAR, ,I-PACE, ,2024.0, ,f54ae3007c3f10e,Unknown,"5th Generation ADS, Version 10", ,ADS,Verified Engaged,Waymo LLC, , ,Y, , , , , , , , , ,NOV-2025, ,21:20, ,06d315f5d5b5e61,[MAY CONTAIN PERSONALLY IDENTIFIABLE INFORMATION], ,[MAY CONTAIN PERSONALLY IDENTIFIABLE INFORMATION], ,[MAY CONTAIN PERSONALLY IDENTIFIABLE INFORMATION], ,Phoenix, ,AZ,[MAY CONTAIN PERSONALLY IDENTIFIABLE INFORMATION], ,Street, , ,Y, , , , , ,Y, , , , , , , , , , ,Passenger Car,Property Damage. No Injured Reported,Stopped, , , , , , , , ,Y, , ,Stopped,"No Subject Vehicle, No Crash Partner","Yes Subject Vehicle, Yes Crash Partner",Subject Vehicle - All Belted,0.0, , , , , , , ,Y, , , , , , ,Y, ,Y, , , ,Phoenix Police Department, ,Yes, ,"On November 12, 2025 at 9:20 PM MT a Waymo Autonomous Vehicle (""Waymo AV"") operating in Phoenix, Arizona was in a collision involving a passenger car at 3400 Sky Harbor Boulevard, Terminal 3 at the Phoenix Sky Harbor International Airport.
The Waymo AV was traveling westbound in the right lane on 3400 Sky Harbor Boulevard, Terminal 3 when it slowed to a stop in a queue of traffic. A passenger car that was traveling westbound in the right lane of 3400 Sky Harbor Boulevard slowed to a near stop directly behind the Waymo AV. While the Waymo AV was stopped and the passenger car slowly proceeded a second passenger car approached the first passenger car from behind, and the front of the second passenger car made contact with the rear of the first passenger car, and the front of the first passenger car then made contact with the rear of the stationary Waymo AV. At the time of the impact, the Waymo AV's Level 4 ADS was engaged in autonomous mode. All three vehicles sustained damage.

Waymo is reporting this crash under Request No. 1 of Standing General Order 2021-01 because a vehicle involved was towed away. Waymo may supplement or correct its reporting with additional information as it may become available.", ,ADS,current,26669.5,Unknown,Unknown,Unknown,Unknown,Unknown,Unknown,Unknown,Unknown,Unknown,Unknown,Unknown,Unknown,Unknown,Unknown,Unknown,Unknown,Unknown,Unknown,Unknown,Unknown,Unknown,Unknown,Unknown,Unknown,Unknown,45.0,Unknown,Unknown,Unknown,Unknown,Unknown,Unknown,Unknown,Unknown,Unknown,,Unknown,,Unknown,,Unknown,0.0,0.0,1.0,0.0,1,1,1,1,0,0,0,0,1,0,0,0,0,0,0,0,0,0,0,0,0,0,0,0,0,0,0,0,0,0,0,0,0,0,0,0,0,0,0,0,0,0,0,0,0,0,0,0,0,0,0,0,1,1,1,1,1,1,1,1,1,1,1,1,1,1,1,1,1,1,1,1,1,1,1,1,1,1,1,1,1,1,1,1,1,1,1,1,1,1,1,1,1,0,0,0,0,1,1,0,0,0,0,0,0,0,0,0,0,0,0,0,1,0.41040558
114be9ea321662b,30270-13453,1,Waymo LLC,Monthly,12.0,2025.0,JAN-2026,SADHW2S15R1,Y,[MAY CONTAIN PERSONALLY IDENTIFIABLE INFORMATION],JAGUAR, ,I-PACE, ,2024.0, ,df8722be6f54146,Unknown,"5th Generation ADS, Version 10", ,ADS,Verified Engaged,Waymo LLC, , ,Y, , , , , , , , , ,DEC-2025, ,15:45, ,114be9ea321662b,[MAY CONTAIN PERSONALLY IDENTIFIABLE INFORMATION], ,[MAY CONTAIN PERSONALLY IDENTIFIABLE INFORMATION], ,[MAY CONTAIN PERSONALLY IDENTIFIABLE INFORMATION], ,Palo Alto, ,CA,[MAY CONTAIN PERSONALLY IDENTIFIABLE INFORMATION], ,Street, , ,Y, , , , , , , ,Y, , , , , , , , ,Bus,Property Damage. No Injured Reported,Backing, , , , , , ,Y, , , , ,Stopped,"No Subject Vehicle, No Crash Partner","Yes Subject Vehicle, No Crash Partner",Subject Vehicle - All Belted,0.0, , , , , , , , , ,Y, , , , ,Y, ,Y, , , ,Stanford Department of Public Safety, ,Yes, ,"On December 22, 2025 at 3:45 PM PT a Waymo Autonomous Vehicle (""Waymo AV"") operating in Palo Alto, California was in a collision involving a bus on Page Mill Road near Deer Creek Road.
The Waymo AV was stopped facing southwest in the designated left turn lane on Page Mill Road in a queue of traffic for the intersection with Deer Creek Road. While the Waymo AV was stopped, a bus that was initially stopped directly in front of the Waymo AV reversed and the rear of the bus made contact with the front of the Waymo AV.  At the time of the impact, the Waymo AV's Level 4 ADS was engaged in autonomous mode. Both vehicles sustained damage.

Waymo is reporting this crash under Request No. 2 of Standing General Order 2021-01. Waymo may supplement or correct its reporting with additional information as it may become available.", ,ADS,current,26669.5,Unknown,Unknown,Unknown,Unknown,Unknown,Unknown,Unknown,Unknown,Unknown,Unknown,Unknown,Unknown,Unknown,Unknown,Unknown,Unknown,Unknown,Unknown,Unknown,Unknown,Unknown,Unknown,Unknown,Unknown,Unknown,45.0,Unknown,Unknown,Unknown,Unknown,Unknown,Unknown,Unknown,Unknown,Unknown,,Unknown,,Unknown,,Unknown,0.0,0.0,1.0,0.0,1,1,0,0,0,0,0,0,1,0,0,0,0,0,0,0,0,0,0,0,0,0,0,0,0,0,0,0,0,0,0,0,0,0,0,0,0,0,0,0,0,0,0,0,0,0,0,0,0,0,0,0,1,1,1,1,1,1,1,1,1,1,1,1,1,1,1,1,1,1,1,1,1,1,1,1,1,1,1,1,1,1,1,1,1,1,1,1,1,1,1,1,0,1,0,1,1,1,1,1,0,0,1,0,0,0,1,0,0,0,0,0,1,0.035265263
27f5ade8b2a100c,30610-11497,1,"Zoox, Inc.",5-Day,7.0,2024.0,AUG-2025,7Z00XVHX1TC,Y,,ZOOX, ,Zoox, ,2026.0, ,c78e6704cc97575,Unknown,B435.25.08.07, ,ADS,Verified Engaged,Zoox, , , , ,Y,Y, , , , , , ,AUG-2025, ,18:16, ,27f5ade8b2a100c,[MAY CONTAIN PERSONALLY IDENTIFIABLE INFORMATION], ,[MAY CONTAIN PERSONALLY IDENTIFIABLE INFORMATION], ,, ,San Francisco, ,CA,Unknown, ,Street, , ,Y, , , , , ,Y, , , , , , , , , , ,SUV,Property Damage. No Injured Reported,Backing, , , , , ,Y, , , , , ,Proceeding Straight,"No Subject Vehicle, No Crash Partner","Yes Subject Vehicle, No Crash Partner",Subject Vehicle - No Passenger In Vehicle,0.0, ,Y, , , , , , , , , , , , ,Y, ,Y, , , ,Unknown, ,Yes, ,"An unoccupied Zoox vehicle in autonomy was traveling north on [XXX] toward [XXX] in San Francisco and slowing for an SUV (Vehicle 2) ahead, also heading north on [XXX]. As the Zoox vehicle approached the nearly stopped Vehicle 2, it steered left to pass. The driver of Vehicle 2 then, without using a turn signal, abruptly began reversing in an apparent attempt to parallel park on the right side of [XXX]. The Zoox vehicle then braked to a near stop when it was struck on the right rear wheel by Vehicle 2 as it swung into a parking space. Shortly afterward, the Zoox vehicle was towed from the scene for inspection. The Zoox vehicle did not sustain damage, but the left front bumper of the SUV appeared to have minor damage. There were no reported injuries, and the police were not called.", ,ADS,current,26669.5,Unknown,Unknown,Unknown,Unknown,Unknown,Unknown,Unknown,Unknown,Unknown,Unknown,Unknown,Unknown,Unknown,Unknown,Unknown,Unknown,Unknown,Unknown,Unknown,Unknown,Unknown,Unknown,Unknown,Unknown,Unknown,45.0,Unknown,Unknown,Unknown,Unknown,Unknown,Unknown,Unknown,Unknown,Unknown,,Unknown,,Unknown,,Unknown,0.0,0.0,1.0,0.0,1,1,1,1,0,0,0,0,1,0,0,0,0,0,0,0,0,0,0,0,0,0,0,0,1,0,0,0,0,0,0,0,0,0,0,0,0,0,0,0,0,0,0,0,0,0,0,0,0,0,1,0,1,1,1,1,1,1,1,1,1,1,1,1,1,1,1,1,1,1,1,1,1,1,1,1,1,1,1,1,1,1,1,1,1,1,1,1,1,1,1,1,1,0,0,1,1,0,0,0,0,0,0,0,0,1,0,0,0,0,0,1,1,0.3092502
2cbb435ba089c85,30610-11563,1,"Zoox, Inc.",5-Day,7.0,2024.0,AUG-2025,7Z00XVHX9TC,Y,,ZOOX, ,Zoox, ,2026.0, ,4a66a1e26d7fd52,Unknown,B439.25.08.21, ,ADS,Verified Engaged,Zoox, , , , ,Y,Y, , , , , , ,AUG-2025, ,15:11, ,2cbb435ba089c85,[MAY CONTAIN PERSONALLY IDENTIFIABLE INFORMATION], ,[MAY CONTAIN PERSONALLY IDENTIFIABLE INFORMATION], ,, ,San Francisco, ,CA,Unknown, ,Street, , ,Y, , , , , ,Y, , , , , , , , , , ,Pickup Truck,Property Damage. No Injured Reported,Proceeding Straight, , ,Y, , , , , , , , ,Stopped,"No Subject Vehicle, No Crash Partner","Yes Subject Vehicle, No Crash Partner",Subject Vehicle - No Passenger In Vehicle,0.0, , , , ,Y, , , , , , , , , ,Y, ,Y, , , ,Unknown, ,Yes, ,"An unoccupied Zoox autonomous vehicle was stopped at a green traffic light on eastbound [XXX], waiting for traffic ahead to clear to turn left onto [XXX] in San Francisco. A pickup truck (Vehicle 2) was also stopped for the same traffic light, directly behind the Zoox vehicle. After the light turned yellow, the Vehicle 2 driver passed the stopped Zoox vehicle on the left side, striking the left rear fender, and proceeded through the red light. The Vehicle 2 driver did not stop to exchange information. Shortly afterward, the Zoox vehicle turned left onto [XXX] to clear the scene, briefly stopped again, and then pulled over. The Zoox vehicle was then towed for inspection. It sustained minor damage. There were no reported injuries and the police were not called.", ,ADS,current,26669.5,Unknown,Unknown,Unknown,Unknown,Unknown,Unknown,Unknown,Unknown,Unknown,Unknown,Unknown,Unknown,Unknown,Unknown,Unknown,Unknown,Unknown,Unknown,Unknown,Unknown,Unknown,Unknown,Unknown,Unknown,Unknown,45.0,Unknown,Unknown,Unknown,Unknown,Unknown,Unknown,Unknown,Unknown,Unknown,,Unknown,,Unknown,,Unknown,0.0,0.0,1.0,0.0,1,1,1,1,0,0,0,0,1,0,0,0,0,0,0,0,0,0,0,0,0,0,0,0,1,0,0,0,0,0,0,0,0,0,0,0,0,0,0,0,0,0,0,0,0,0,0,0,0,0,1,0,1,1,1,1,1,1,1,1,1,1,1,1,1,1,1,1,1,1,1,1,1,1,1,1,1,1,1,1,1,1,1,1,1,1,1,1,1,1,1,1,0,0,0,0,0,0,0,1,0,0,1,0,0,1,0,0,0,0,0,1,1,0.306882
36ac9271b3567b1,30270-13489,1,Waymo LLC,Monthly,12.0,2025.0,JAN-2026,SADHW2S14R1,Y,[MAY CONTAIN PERSONALLY IDENTIFIABLE INFORMATION],JAGUAR, ,I-PACE, ,2024.0, ,cdca041c61ab556,Unknown,"5th Generation ADS, Version 10", ,ADS,Verified Engaged,Waymo LLC, , ,Y, , , , , , , , , ,DEC-2025, ,13:54, ,36ac9271b3567b1,[MAY CONTAIN PERSONALLY IDENTIFIABLE INFORMATION], ,[MAY CONTAIN PERSONALLY IDENTIFIABLE INFORMATION], ,[MAY CONTAIN PERSONALLY IDENTIFIABLE INFORMATION], ,Scottsdale, ,AZ,[MAY CONTAIN PERSONALLY IDENTIFIABLE INFORMATION], ,Parking Lot, , ,Y, , , , , , , , ,Y, , , , , , , ,Heavy Truck,Property Damage. No Injured Reported,Backing, , , , , , ,Y, , , , ,Backing,"No Subject Vehicle, No Crash Partner","Yes Subject Vehicle, No Crash Partner",Subject Vehicle - No Passenger In Vehicle,1.0, , , , , , , , , ,Y, , , , ,Y, ,Y, , , ,Unknown, ,Yes, ,"On December 26, 2025 at 1:54 PM MT a Waymo Autonomous Vehicle (""Waymo AV"") operating in Scottsdale, Arizona was in a collision involving a heavy truck in a parking lot at 8701 E. McDowell Road.
The Waymo AV was traveling southbound on a driveway at a parking lot at 8701 E. McDowell Road and a heavy truck was traveling southbound on the driveway ahead of the Waymo AV. The heavy truck came to a stop and the Waymo AV slowed to a stop to yield to the stopped heavy truck. The heavy truck reversed and the Waymo AV reversed momentarily before coming to a stop. The heavy truck continued to reverse, and the Waymo AV began to reverse again, and the rear of the heavy truck made contact with the front of the Waymo AV. At the time of the impact, the Waymo AV' Level 4 ADS was engaged in autonomous mode. The Waymo AV sustained damage.

Waymo is reporting this crash under Request No. 1 of Standing General Order 2021-01 because a vehicle involved was towed away. Waymo may supplement or correct its reporting with additional information as it may become available.", ,ADS,current,26669.5,Unknown,Unknown,Unknown,Unknown,Unknown,Unknown,Unknown,Unknown,Unknown,Unknown,Unknown,Unknown,Unknown,Unknown,Unknown,Unknown,Unknown,Unknown,Unknown,Unknown,Unknown,Unknown,Unknown,Unknown,Unknown,45.0,Unknown,Unknown,Unknown,Unknown,Unknown,Unknown,Unknown,Unknown,Unknown,,Unknown,,Unknown,,Unknown,0.0,0.0,1.0,0.0,1,1,0,0,0,0,0,0,1,0,0,0,0,0,0,0,0,0,0,0,0,0,0,0,0,0,0,0,0,0,0,0,0,0,0,0,0,0,0,0,0,0,0,0,0,0,0,0,0,0,1,0,1,1,1,1,1,1,1,1,1,1,1,1,1,1,1,1,1,1,1,1,1,1,1,1,1,1,1,1,1,1,1,1,1,1,1,1,1,1,1,1,1,0,0,1,1,1,1,0,0,1,0,0,0,0,1,0,0,0,0,0,1,0.007460015
3868794c4d4b3e8,30270-13065,1,Waymo LLC,5-Day,7.0,2024.0,NOV-2025,SADHW2S16R1,Y,[MAY CONTAIN PERSONALLY IDENTIFIABLE INFORMATION],JAGUAR, ,I-PACE, ,2024.0, ,080c9d31a6e9386,Unknown,"5th Generation ADS, Version 10", ,ADS,Verified Engaged,Waymo LLC, , ,Y, , , , , , , , , ,NOV-2025, ,01:03, ,3868794c4d4b3e8,[MAY CONTAIN PERSONALLY IDENTIFIABLE INFORMATION], ,[MAY CONTAIN PERSONALLY IDENTIFIABLE INFORMATION], ,[MAY CONTAIN PERSONALLY IDENTIFIABLE INFORMATION], ,San Francisco, ,CA,[MAY CONTAIN PERSONALLY IDENTIFIABLE INFORMATION], ,Street, , ,Y, , , , , ,Y, , , , , , , , , , ,SUV,Minor W/ Hospitalization,Stopped, , , , , , , , ,Y, , ,Stopped,"No Subject Vehicle, No Crash Partner","Yes Subject Vehicle, No Crash Partner",Subject Vehicle - All Belted,0.0, , , , , , , ,Y, , , , , , ,Y, ,Y, , , ,San Francisco Police Department, ,Yes, ,"On November 9, 2025 at 1:03 AM PT a Waymo Autonomous Vehicle (""Waymo AV"") operating in San Francisco, California was in a collision involving an SUV on S. Van Ness Avenue near 21st Street. 
The Waymo AV was stopped facing north on S. Van Ness Avenue in a queue of traffic for a red light at the intersection with 21st Street. While the Waymo AV was stopped, an SUV traveling northbound on S. Van Ness Avenue came to a stop directly behind the Waymo AV. While both the Waymo AV and the SUV were stopped, a passenger car traveling northbound on S. Van Ness Avenue approached the stopped SUV from behind and the front of the passenger car made contact with the rear of the SUV, and then the front of the SUV made contact with the rear of the stationary Waymo AV. At the time of the impact, the Waymo AV's Level 4 ADS was engaged in autonomous mode. The Waymo AV, the SUV, and the passenger car sustained damage. The driver of the passenger car alleged injuries and was transported to a hospital by an ambulance. 

Waymo is reporting this crash under Request No. 1 of Standing General Order 2021-01 because an individual involved was transported from the scene to a hospital for medical treatment and a vehicle involved was towed away. Waymo may supplement or correct its reporting with additional information as it may become available.", ,ADS,current,26669.5,Unknown,Unknown,Unknown,Unknown,Unknown,Unknown,Unknown,Unknown,Unknown,Unknown,Unknown,Unknown,Unknown,Unknown,Unknown,Unknown,Unknown,Unknown,Unknown,Unknown,Unknown,Unknown,Unknown,Unknown,Unknown,45.0,Unknown,Unknown,Unknown,Unknown,Unknown,Unknown,Unknown,Unknown,Unknown,,Unknown,,Unknown,,Unknown,1.0,0.0,1.0,0.0,1,1,1,1,0,0,0,0,1,0,0,0,0,0,0,0,0,0,0,0,0,0,0,0,0,0,0,0,0,0,0,0,0,0,0,0,0,0,0,0,0,0,0,0,0,0,0,0,0,0,0,0,1,1,1,1,1,1,1,1,1,1,1,1,1,1,1,1,1,1,1,1,1,1,1,1,1,1,1,1,1,1,1,1,1,1,1,1,1,1,1,1,1,0,0,0,0,1,1,1,0,0,0,0,0,1,0,0,0,0,0,0,1,0.44850698
394b02ea537b623,30270-11992,1,Waymo LLC,5-Day,7.0,2024.0,OCT-2025,SADHW2S19R1,Y,,JAGUAR, ,I-PACE, ,2024.0, ,a1a77b6ab9d5559,Unknown,"5th Generation ADS, Version 10", ,ADS,Verified Engaged,Waymo LLC, , ,Y, , , , , , , , , ,OCT-2025, ,09:48, ,394b02ea537b623,[MAY CONTAIN PERSONALLY IDENTIFIABLE INFORMATION], ,[MAY CONTAIN PERSONALLY IDENTIFIABLE INFORMATION], ,[MAY CONTAIN PERSONALLY IDENTIFIABLE INFORMATION], ,Austin, ,TX,[MAY CONTAIN PERSONALLY IDENTIFIABLE INFORMATION], ,Street, , ,Y, , , , , ,Y, , , , , , , , , , ,SUV,Property Damage. No Injured Reported,Passing, ,Y, , , , , , , , , ,Stopped,"No Subject Vehicle, No Crash Partner","Yes Subject Vehicle, No Crash Partner",Subject Vehicle - No Passenger In Vehicle,0.0, , , , , , , , ,Y, , , , , ,Y, ,Y, , , ,Unknown, ,Yes, ,"On October 24, 2025 at 9:48 AM CT a Waymo Autonomous Vehicle (""Waymo AV"") operating in Austin, Texas was in a collision involving an SUV on Colorado Street at W. 6th Street.
The Waymo AV was traveling northbound on Colorado Street and came to a stop for a red light in the designated left turn lane at the intersection with W. 6th Street. While the Waymo AV was stopped, a pedestrian who was the previous passenger in the Waymo AV stood in front of the stationary Waymo AV, preventing the Waymo AV from moving. After receiving over-the-phone assistance from Waymo Rider Support, the prior passenger opened the rear right door of the Waymo AV and began searching the rear seats. The traffic light turned green, and the Waymo remained stopped with the rear right door open. An SUV that was initially stopped directly behind the Waymo AV reversed, then proceeded to pass to the right of the stationary Waymo AV, and the left of the SUV made contact with the open rear right door of the Waymo AV. At the time of the impact, the Waymo AV's Level 4 ADS was engaged in autonomous mode. Both vehicles sustained damage.

Waymo is reporting this crash under Request No. 1 of Standing General Order 2021-01 because a vehicle involved was towed away. Waymo may supplement or correct its reporting with additional information as it may become available.", ,ADS,current,26669.5,Unknown,Unknown,Unknown,Unknown,Unknown,Unknown,Unknown,Unknown,Unknown,Unknown,Unknown,Unknown,Unknown,Unknown,Unknown,Unknown,Unknown,Unknown,Unknown,Unknown,Unknown,Unknown,Unknown,Unknown,Unknown,45.0,Unknown,Unknown,Unknown,Unknown,Unknown,Unknown,Unknown,Unknown,Unknown,,Unknown,,Unknown,,Unknown,0.0,0.0,1.0,0.0,1,1,1,1,0,0,0,0,1,0,0,0,0,0,0,0,0,0,0,0,0,0,0,0,0,0,0,0,0,0,0,0,0,0,0,0,0,0,0,0,0,0,0,0,0,0,0,0,0,0,1,0,1,1,1,1,1,1,1,1,1,1,1,1,1,1,1,1,1,1,1,1,1,1,1,1,1,1,1,1,1,1,1,1,1,1,1,1,1,1,1,1,1,1,0,1,1,1,1,1,0,0,1,0,1,0,0,0,0,0,0,0,1,0.27436873
600e5d97e4280fc,30270-13189,1,Waymo LLC,Monthly,11.0,2025.0,DEC-2025,SADHW2S14R1,Y,[MAY CONTAIN PERSONALLY IDENTIFIABLE INFORMATION],JAGUAR, ,I-PACE, ,2024.0, ,f465dbb2ddb5bab,Unknown,"5th Generation ADS, Version 10", ,ADS,Verified Engaged,Waymo LLC, , ,Y, , , , , , , , , ,NOV-2025, ,23:37, ,600e5d97e4280fc,[MAY CONTAIN PERSONALLY IDENTIFIABLE INFORMATION], ,[MAY CONTAIN PERSONALLY IDENTIFIABLE INFORMATION], ,[MAY CONTAIN PERSONALLY IDENTIFIABLE INFORMATION], ,San Francisco, ,CA,[MAY CONTAIN PERSONALLY IDENTIFIABLE INFORMATION], ,Intersection, , ,Y, , , , , ,Y, , , , , , , , , , ,SUV,Property Damage. No Injured Reported,Proceeding Straight, , , , , , , , ,Y, , ,Stopped,"No Subject Vehicle, No Crash Partner","Yes Subject Vehicle, No Crash Partner",Subject Vehicle - All Belted,0.0, , , , , , , ,Y, , , , , , ,Y, ,Y, , , ,Unknown, ,Yes, ,"On November 19, 2025 at 11:37 PM PT a Waymo Autonomous Vehicle (""Waymo AV"") operating in San Francisco, California was in a collision involving an SUV on Castro Street at 16th Street.
The Waymo AV was traveling southbound on Castro Street when it slowed to a stop for a stop sign at the intersection with 16th Street. While the Waymo AV was stopped, an SUV traveling southbound on Castro Street approached the Waymo AV from behind, and the front of the SUV made contact with the rear of the stationary Waymo AV. At the time of the impact, the Waymo AV's Level 4 ADS was engaged in autonomous mode. Both vehicles sustained damage.

Waymo is reporting this crash under Request No. 1 of Standing General Order 2021-01 because a vehicle involved was towed away. Waymo may supplement or correct its reporting with additional information as it may become available.", ,ADS,current,26669.5,Unknown,Unknown,Unknown,Unknown,Unknown,Unknown,Unknown,Unknown,Unknown,Unknown,Unknown,Unknown,Unknown,Unknown,Unknown,Unknown,Unknown,Unknown,Unknown,Unknown,Unknown,Unknown,Unknown,Unknown,Unknown,45.0,Unknown,Unknown,Unknown,Unknown,Unknown,Unknown,Unknown,Unknown,Unknown,,Unknown,,Unknown,,Unknown,0.0,0.0,1.0,0.0,1,1,0,0,0,0,0,0,1,0,0,0,0,0,0,0,0,0,0,0,0,0,0,0,0,0,0,0,0,0,0,0,0,0,0,0,0,0,0,0,0,0,0,0,0,0,0,0,0,0,1,0,1,1,1,1,1,1,1,1,1,1,1,1,1,1,1,1,1,1,1,1,1,1,1,1,1,1,1,1,1,1,1,1,1,1,1,1,1,1,1,1,1,0,0,0,1,1,1,1,0,0,0,0,0,0,0,0,0,0,0,0,1,0.006553964
64f79f6cea38760,30270-13303,1,Waymo LLC,5-Day,7.0,2024.0,DEC-2025,SADHW2S13R1,Y,[MAY CONTAIN PERSONALLY IDENTIFIABLE INFORMATION],JAGUAR, ,I-PACE, ,2024.0, ,c066490829bccdd,Unknown,"5th Generation ADS, Version 10", ,ADS,Verified Engaged,Waymo LLC, , ,Y, , , , , , , , , ,DEC-2025, ,18:32, ,64f79f6cea38760,[MAY CONTAIN PERSONALLY IDENTIFIABLE INFORMATION], ,[MAY CONTAIN PERSONALLY IDENTIFIABLE INFORMATION], ,[MAY CONTAIN PERSONALLY IDENTIFIABLE INFORMATION], ,Tempe, ,AZ,[MAY CONTAIN PERSONALLY IDENTIFIABLE INFORMATION], ,Street, , ,Y, , , , , ,Y, , , , , , , , , , ,SUV,Property Damage. No Injured Reported,Stopped, , ,Y, , , , , , , , ,Stopped,"No Subject Vehicle, No Crash Partner","Yes Subject Vehicle, Yes Crash Partner",Subject Vehicle - All Belted,0.0, , , , , , , ,Y, , , , , , ,Y, ,Y, , , ,Tempe Police Department, ,Yes, ,"On December 7, 2025 at 6:32 PM MT a Waymo Autonomous Vehicle (""Waymo AV"") operating in Tempe, Arizona was in a collision involving an SUV on Priest Drive at the U.S. Route 60 East on-ramp.
The Waymo AV was traveling northbound in the leftmost lane on Priest Drive when it slowed to a stop to yield to a passenger car stopped facing north in the leftmost lane at a green light at the intersection with the U.S. Route 60 East on-ramp. While the Waymo AV was stopped, an SUV traveling northbound in the leftmost lane on Priest Drive approached the Waymo AV from behind and slowed to a stop. While the passenger car, the Waymo AV, and the SUV, were all stopped, a van traveling northbound in the leftmost lane on Priest Drive approached the stopped SUV from behind and the front left side of the van made contact with the rear right side of the stationary SUV, and as a result the front right side of the SUV then made contact with the rear of the stationary Waymo AV. At the time of the impact, the Waymo AV's Level 4 ADS was engaged in autonomous mode. All three vehicles sustained damage.

Waymo is reporting this crash under Request No. 1 of Standing General Order 2021-01 because a vehicle involved was towed away. Waymo may supplement or correct its reporting with additional information as it may become available.", ,ADS,current,26669.5,Unknown,Unknown,Unknown,Unknown,Unknown,Unknown,Unknown,Unknown,Unknown,Unknown,Unknown,Unknown,Unknown,Unknown,Unknown,Unknown,Unknown,Unknown,Unknown,Unknown,Unknown,Unknown,Unknown,Unknown,Unknown,45.0,Unknown,Unknown,Unknown,Unknown,Unknown,Unknown,Unknown,Unknown,Unknown,,Unknown,,Unknown,,Unknown,0.0,0.0,1.0,0.0,1,1,1,1,0,0,0,0,1,0,0,0,0,0,0,0,0,0,0,0,0,0,0,0,0,0,0,0,0,0,0,0,0,0,0,0,0,0,0,0,0,0,0,0,0,0,0,0,0,0,0,0,1,1,1,1,1,1,1,1,1,1,1,1,1,1,1,1,1,1,1,1,1,1,1,1,1,1,1,1,1,1,1,1,1,1,1,1,1,1,1,1,1,0,0,0,0,1,1,1,1,0,0,0,0,0,0,0,0,0,0,0,1,0.45432746
6586da4de372b9e,30270-11625,1,Waymo LLC,5-Day,7.0,2024.0,SEP-2025,SADHW2S15R1,Y,,JAGUAR, ,I-PACE, ,2024.0, ,e1804ae27c0a305,Unknown,"5th Generation ADS, Version 10", ,ADS,Verified Engaged,Waymo LLC, , ,Y, , , , , , , , , ,SEP-2025, ,23:08, ,6586da4de372b9e,[MAY CONTAIN PERSONALLY IDENTIFIABLE INFORMATION], ,[MAY CONTAIN PERSONALLY IDENTIFIABLE INFORMATION], ,, ,San Francisco, ,CA,Unknown, ,Street, , ,Y, , , , , ,Y, , , , , , , , , , ,Motorcycle,Property Damage. No Injured Reported,Proceeding Straight, , , , , , , , ,Y, , ,Proceeding Straight,"No Subject Vehicle, No Crash Partner","Yes Subject Vehicle, No Crash Partner",Subject Vehicle - No Passenger In Vehicle,1.0, , , , , , , ,Y, , , , , , ,Y, ,Y, , , ,San Francisco Police Department, ,Yes, ,"On September [XXX], 2025 at 11:08 PM PT a Waymo Autonomous Vehicle (""Waymo AV"") operating in San Francisco, California was in a collision involving a motorcycle on [XXX] at [XXX]. 
The Waymo AV was traveling southwestbound on [XXX] when it slowed to a stop to yield to a vehicle stopped in-lane facing southwest on [XXX].  A motorcycle that was traveling behind the Waymo AV approached the Waymo AV from behind and the front of the motorcycle made contact with the rear of the stationary Waymo AV. At the time of the impact, the Waymo AV's Level 4 ADS was engaged in autonomous mode. Both vehicles sustained damage.
Waymo is reporting this crash under Request No. 1 of Standing General Order 2021-01 because a vehicle involved was towed away. Waymo may supplement or correct its reporting with additional information as it may become available.", ,ADS,current,26669.5,Unknown,Unknown,Unknown,Unknown,Unknown,Unknown,Unknown,Unknown,Unknown,Unknown,Unknown,Unknown,Unknown,Unknown,Unknown,Unknown,Unknown,Unknown,Unknown,Unknown,Unknown,Unknown,Unknown,Unknown,Unknown,45.0,Unknown,Unknown,Unknown,Unknown,Unknown,Unknown,Unknown,Unknown,Unknown,,Unknown,,Unknown,,Unknown,0.0,0.0,1.0,0.0,1,1,1,1,0,0,0,0,1,0,0,0,0,0,0,0,0,0,0,0,0,0,0,0,1,0,0,0,0,0,0,0,0,0,0,0,0,0,0,0,0,0,0,0,0,0,0,0,0,0,0,0,1,1,1,1,1,1,1,1,1,1,1,1,1,1,1,1,1,1,1,1,1,1,1,1,1,1,1,1,1,1,1,1,1,1,1,1,1,1,1,1,1,0,0,0,1,1,1,0,0,0,0,0,0,0,0,0,0,0,0,0,1,0.41187012
877df876ab59edb,30270-11806,1,Waymo LLC,5-Day,7.0,2024.0,OCT-2025,SADHW2S12R1,Y,,JAGUAR, ,I-PACE, ,2024.0, ,f5b3c33807d2ff8,Unknown,"5th Generation ADS, Version 10", ,ADS,Verified Engaged,Waymo LLC, , ,Y, , , , , , , , , ,SEP-2025, ,14:56, ,877df876ab59edb,[MAY CONTAIN PERSONALLY IDENTIFIABLE INFORMATION], ,[MAY CONTAIN PERSONALLY IDENTIFIABLE INFORMATION], ,[MAY CONTAIN PERSONALLY IDENTIFIABLE INFORMATION], ,Atlanta, ,GA,[MAY CONTAIN PERSONALLY IDENTIFIABLE INFORMATION], ,Street, , ,Y, , , , , ,Y, , , , , , , , , , ,Non-Motorist: Cyclist,Minor W/ Hospitalization,Entering Traffic,Unknown,Unknown,Unknown,Unknown,Unknown,Unknown,Unknown,Unknown,Unknown,Unknown,Unknown,Proceeding Straight,"No Subject Vehicle, No Crash Partner","Yes Subject Vehicle, No Crash Partner",Subject Vehicle - No Passenger In Vehicle,19.0, , , , ,Y, , , , , , , , , ,Y, ,Y, , , ,Atlanta Police Department, ,Yes, ,"On September 30, 2025 at 2:56 PM ET a Waymo Autonomous Vehicle (""Waymo AV"") operating in Atlanta, Georgia was in a collision involving a cyclist on Griffin Street near Donald Lee Hollowell Parkway NW. 
A Waymo AV was traveling north on Griffin Street near the intersection with the Donald Lee Hollowell Parkway NW when it approached the Westside Beltline Connector shared use bicycle/pedestrian trail. As the AV approached the crossing with the trail, a cyclist traveling east on the trail approached the crossing with the roadway and continued into the roadway without stopping at the stop sign controlling bicycle traffic from the trail. The bicycle then made contact with the rear driver side of the Waymo AV and the impact caused the cyclist to fall from their bicycle. At the time of the impact, the Waymo AV's Level 4 ADS was engaged in autonomous mode. The Waymo AV and the bicycle sustained damage.

Waymo is reporting this crash under Request No. 1 of Standing General Order 2021-01 because a vehicle involved was towed away and an individual involved was transported from the scene to a hospital for medical treatment. Waymo may supplement or correct its reporting with additional information as it may become available.", ,ADS,current,26669.5,Unknown,Unknown,Unknown,Unknown,Unknown,Unknown,Unknown,Unknown,Unknown,Unknown,Unknown,Unknown,Unknown,Unknown,Unknown,Unknown,Unknown,Unknown,Unknown,Unknown,Unknown,Unknown,Unknown,Unknown,Unknown,45.0,Unknown,Unknown,Unknown,Unknown,Unknown,Unknown,Unknown,Unknown,Unknown,,Unknown,,Unknown,,Unknown,1.0,0.0,1.0,0.0,1,1,1,1,0,0,0,0,1,0,0,0,0,0,0,0,0,0,0,0,0,0,0,0,0,0,0,0,0,0,0,0,0,0,0,0,0,0,1,1,1,1,1,1,1,1,1,1,1,0,0,0,1,1,1,1,1,1,1,1,1,1,1,1,1,1,1,1,1,1,1,1,1,1,1,1,1,1,1,1,1,1,1,1,1,1,1,1,1,1,1,0,1,0,0,0,0,1,0,1,0,0,0,0,1,0,0,0,0,0,0,0,1,0.104395576
9b6219cb373795e,30270-13161,1,Waymo LLC,5-Day,7.0,2024.0,NOV-2025,SADHW2S13R1,Y,[MAY CONTAIN PERSONALLY IDENTIFIABLE INFORMATION],JAGUAR, ,I-PACE, ,2024.0, ,7e56cbe51085e9c,Unknown,"5th Generation ADS, Version 10", ,ADS,Verified Engaged,Waymo LLC, , ,Y, , , , , , , , , ,NOV-2025, ,00:02, ,9b6219cb373795e,[MAY CONTAIN PERSONALLY IDENTIFIABLE INFORMATION], ,[MAY CONTAIN PERSONALLY IDENTIFIABLE INFORMATION], ,[MAY CONTAIN PERSONALLY IDENTIFIABLE INFORMATION], ,Scottsdale, ,AZ,[MAY CONTAIN PERSONALLY IDENTIFIABLE INFORMATION], ,Street, , ,Y, , , , , ,Y, , , , , , , , , , ,Non-Motorist: Pedestrian,Moderate W/ Hospitalization,"Other, see Narrative",Unknown,Unknown,Unknown,Unknown,Unknown,Unknown,Unknown,Unknown,Unknown,Unknown,Unknown,Proceeding Straight,"No Subject Vehicle, No Crash Partner","No Subject Vehicle, No Crash Partner",Subject Vehicle - Not Belted - see Narrative,4.0, ,Y, , , , , , , , , , , , ,Y, ,Y, , , ,Scottsdale Police Department, ,Yes, ,"On November 19, 2025 at 12:02 AM MT a Waymo Autonomous Vehicle (""Waymo AV"") operating in Scottsdale, Arizona was in a collision involving a passenger of the Waymo AV on N. 92nd Street near E. Cochise Drive.
The Waymo AV was travelling northbound in the left lane of N. 92nd Street. While the AV was in  motion, the two passengers seated in the rear of the Waymo AV removed their seatbelts and opened the right rear passenger side door. The Waymo AV detected the opened door and began to slow in lane. While the Waymo AV was slowing to a stop, the passenger seated in the right rear passenger seat exited the vehicle through the open door, placed their feet on the ground, and the rear right tire of the Waymo AV came to a stop on top of the passenger's right foot. The Waymo AV remained stopped on top of the passenger's foot until emergency services arrived and lifted the right side of the vehicle. At the time of the impact, the Waymo AV's Level 4 ADS was engaged in autonomous mode. The passenger of the Waymo AV was transported from the scene to a hospital for medical treatment with moderate injuries to the foot.

Waymo is reporting this crash under Request No. 1 of Standing General Order 2021-01 because an individual involved was transported from the scene to a hospital for medical treatment and a vulnerable road user was struck by an involved vehicle. Waymo may supplement or correct its reporting with additional information as it may become available.", ,ADS,current,26669.5,Unknown,Unknown,Unknown,Unknown,Unknown,Unknown,Unknown,Unknown,Unknown,Unknown,Unknown,Unknown,Unknown,Unknown,Unknown,Unknown,Unknown,Unknown,Unknown,Unknown,Unknown,Unknown,Unknown,Unknown,Unknown,45.0,Unknown,Unknown,Unknown,Unknown,Unknown,Unknown,Unknown,Unknown,Unknown,,Unknown,,Unknown,,Unknown,2.0,0.0,0.0,1.0,1,1,1,1,0,0,0,0,1,0,0,0,0,0,0,0,0,0,0,0,0,0,0,0,0,0,0,0,0,0,0,0,0,0,0,0,0,0,1,1,1,1,1,1,1,1,1,1,1,0,0,0,1,1,1,1,1,1,1,1,1,1,1,1,1,1,1,1,1,1,1,1,1,1,1,1,1,1,1,1,1,1,1,1,1,1,1,1,1,1,1,1,0,0,0,0,0,0,1,0,0,0,0,0,0,0,0,0,0,0,0,0,1,0.3832121
b668056967dc92c,30610-11752,1,"Zoox, Inc.",5-Day,7.0,2024.0,SEP-2025,7Z00XVHXXRK,Y,,ZOOX, ,Zoox, ,2024.0, ,64c23d87f1524d7,Remote (Commercial / Test),B402.25.09.17, ,ADS,Verified Engaged,Zoox, , , , ,Y,Y, , , , , , ,SEP-2025, ,22:50, ,b668056967dc92c,[MAY CONTAIN PERSONALLY IDENTIFIABLE INFORMATION], ,[MAY CONTAIN PERSONALLY IDENTIFIABLE INFORMATION], ,[MAY CONTAIN PERSONALLY IDENTIFIABLE INFORMATION], ,Las Vegas, ,NV,[MAY CONTAIN PERSONALLY IDENTIFIABLE INFORMATION], ,Street, , ,Y, , , , , ,Y, , , , , , , , , , ,Passenger Car,Property Damage. No Injured Reported,Proceeding Straight, , , , , ,Y, , , , , ,Stopped,"No Subject Vehicle, No Crash Partner","Yes Subject Vehicle, No Crash Partner",Subject Vehicle - No Passenger In Vehicle,0.0, ,Y, , , , , , , , , , , , ,Y, ,Y, , , ,Unknown, ,Yes, ,"An unoccupied Zoox autonomous vehicle was operating at a reduced speed in lane #5 on westbound [XXX] towards Las Vegas Boulevard in Las Vegas, with a sedan (Vehicle 2) directly behind. The Zoox vehicle gradually slowed to a stop when it was rear ended by Vehicle 2. Vehicle 2 driver initially exited his vehicle to inspect both vehicles, but did not remain at the scene to exchange information. The Zoox vehicle resumed operation and cleared the scene. Shortly afterward, the Zoox vehicle slowed to a stop due to a low tire pressure fault and was subsequently towed. The low tire pressure was attributed to the crash. The Zoox vehicle sustained minor damage. There were no reported injuries, and the police were not notified.", ,ADS,current,26669.5,Unknown,Unknown,Unknown,Unknown,Unknown,Unknown,Unknown,Unknown,Unknown,Unknown,Unknown,Unknown,Unknown,Unknown,Unknown,Unknown,Unknown,Unknown,Unknown,Unknown,Unknown,Unknown,Unknown,Unknown,Unknown,45.0,Unknown,Unknown,Unknown,Unknown,Unknown,Unknown,Unknown,Unknown,Unknown,,Unknown,,Unknown,,Unknown,0.0,0.0,1.0,0.0,1,1,1,1,0,0,0,0,0,0,0,0,0,0,0,0,0,0,0,0,0,0,0,0,0,0,0,0,0,0,0,0,0,0,0,0,0,0,0,0,0,0,0,0,0,0,0,0,0,0,1,0,1,1,1,1,1,1,1,1,1,1,1,1,1,1,1,1,1,1,1,1,1,1,1,1,1,1,1,1,1,1,1,1,1,1,1,1,1,1,1,1,0,0,0,0,0,0,1,0,0,0,0,0,0,1,0,0,0,0,0,1,1,0.22115017
c8fc5852e372cc1,30270-11456,1,Waymo LLC,5-Day,7.0,2024.0,AUG-2025,SADHW2S11R1,Y,,JAGUAR, ,I-PACE, ,2024.0, ,f1ee4f3524445ac,Unknown,"5th Generation ADS, Version 10", ,ADS,Verified Engaged,Waymo LLC, , ,Y, , , , , , , , , ,AUG-2025, ,16:27, ,c8fc5852e372cc1,[MAY CONTAIN PERSONALLY IDENTIFIABLE INFORMATION], ,[MAY CONTAIN PERSONALLY IDENTIFIABLE INFORMATION], ,, ,San Francisco, ,CA,Unknown, ,Street, , ,Y, , , , , ,Y, , , , , , , , , , ,Motorcycle,Property Damage. No Injured Reported,Passing, , , , , , , , ,Y, , ,Parked,"No Subject Vehicle, No Crash Partner","Yes Subject Vehicle, No Crash Partner",Subject Vehicle - No Passenger In Vehicle,0.0, ,Y, , , , , , , , , , , , ,Y, ,Y, , , ,Unknown, ,Yes, ,"On August [XXX], 2025 at 4:27 PM PT a Waymo Autonomous Vehicle (""Waymo AV"") operating in San Francisco, California was in a collision involving a motorcycle on [XXX] near [XXX]. 
The Waymo AV was parked facing south in the leftmost lane on [XXX] for a passenger drop-off with hazard lights activated. While the Waymo AV remained parked, a motorcycle that was traveling southbound in the center lane on [XXX] approached a queue of stopped traffic. The motorcycle began to change lanes to the leftmost lane as it approached the stopped traffic and  the motorcycle made contact with the rear right of the stationary Waymo AV. At the time of the impact, the Waymo AV's Level 4 ADS was engaged in autonomous mode. Both the motorcycle and the Waymo AV sustained damage.
Waymo is reporting this crash under Request No. 1 of Standing General Order 2021-01 because a vehicle involved was towed away. Waymo may supplement or correct its reporting with additional information as it may become available.", ,ADS,current,26669.5,Unknown,Unknown,Unknown,Unknown,Unknown,Unknown,Unknown,Unknown,Unknown,Unknown,Unknown,Unknown,Unknown,Unknown,Unknown,Unknown,Unknown,Unknown,Unknown,Unknown,Unknown,Unknown,Unknown,Unknown,Unknown,45.0,Unknown,Unknown,Unknown,Unknown,Unknown,Unknown,Unknown,Unknown,Unknown,,Unknown,,Unknown,,Unknown,0.0,0.0,1.0,0.0,1,1,1,1,0,0,0,0,1,0,0,0,0,0,0,0,0,0,0,0,0,0,0,0,1,0,0,0,0,0,0,0,0,0,0,0,0,0,0,0,0,0,0,0,0,0,0,0,0,0,1,0,1,1,1,1,1,1,1,1,1,1,1,1,1,1,1,1,1,1,1,1,1,1,1,1,1,1,1,1,1,1,1,1,1,1,1,1,1,1,1,1,1,0,0,0,0,1,0,0,0,0,0,0,0,0,0,0,1,0,0,0,1,0.21105318
cce97df1005f101,30270-11738,1,Waymo LLC,5-Day,7.0,2024.0,SEP-2025,SADHW2S12R1,Y,,JAGUAR, ,I-PACE, ,2024.0, ,06b70f95d1f3933,Unknown,"5th Generation ADS, Version 10", ,ADS,Verified Engaged,Waymo LLC, , ,Y, , , , , , , , , ,SEP-2025, ,23:48, ,cce97df1005f101,[MAY CONTAIN PERSONALLY IDENTIFIABLE INFORMATION], ,[MAY CONTAIN PERSONALLY IDENTIFIABLE INFORMATION], ,[MAY CONTAIN PERSONALLY IDENTIFIABLE INFORMATION], ,San Francisco, ,CA,[MAY CONTAIN PERSONALLY IDENTIFIABLE INFORMATION], ,Street, , ,Y, , , , , ,Y, , , , , , , , , , ,Motorcycle,Minor W/O Hospitalization,Proceeding Straight, , , , , , , , ,Y, , ,Stopped,"No Subject Vehicle, No Crash Partner","Yes Subject Vehicle, No Crash Partner",Subject Vehicle - All Belted,0.0, ,Y, , , , , , , , , , , , ,Y, ,Y, , , ,San Francisco Police Department, ,Yes, ,"On September [XXX], 2025 at 11:48 PM PT a Waymo Autonomous Vehicle (""Waymo AV"") operating in San Francisco, California was in a collision involving a motorcycle on [XXX] at [XXX]. 
The Waymo AV was traveling northbound on [XXX] in the rightmost lane with its right turn signal activated when it slowed to a stop for a queue of traffic for a red light at the intersection with [XXX]. As the light turned green and the Waymo AV began to proceed forward, a motorcycle that was traveling northbound on [XXX] in the second to the right lane changed lanes into the rightmost lane and crossed behind the Waymo AV towards the shoulder, at which point the front of the motorcycle made contact with the rear right side of the Waymo AV. The motorcycle then made contact with the cement traffic barrier on the right side of the roadway. The motorcyclist then fell from the motorcycle and the motorcycle continued without a rider, crossing [XXX] and rolling over the curb and across the sidewalk before coming to a stop on its side on the dirt pedestrian pathway between [XXX] and [XXX].  At the time of the impact, the Waymo AV's Level 4 ADS was engaged in autonomous mode. Both vehicles sustained damage. The driver of the motorcycle alleged minor injuries.
Waymo is reporting this crash under Request No. 1 of Standing General Order 2021-01 because a vehicle involved was towed away. Waymo may supplement or correct its reporting with additional information as it may become available.", ,ADS,current,26669.5,Unknown,Unknown,Unknown,Unknown,Unknown,Unknown,Unknown,Unknown,Unknown,Unknown,Unknown,Unknown,Unknown,Unknown,Unknown,Unknown,Unknown,Unknown,Unknown,Unknown,Unknown,Unknown,Unknown,Unknown,Unknown,45.0,Unknown,Unknown,Unknown,Unknown,Unknown,Unknown,Unknown,Unknown,Unknown,,Unknown,,Unknown,,Unknown,1.0,0.0,1.0,0.0,1,1,1,1,0,0,0,0,1,0,0,0,0,0,0,0,0,0,0,0,0,0,0,0,0,0,0,0,0,0,0,0,0,0,0,0,0,0,0,0,0,0,0,0,0,0,0,0,0,0,0,0,1,1,1,1,1,1,1,1,1,1,1,1,1,1,1,1,1,1,1,1,1,1,1,1,1,1,1,1,1,1,1,1,1,1,1,1,1,1,1,1,1,1,1,0,1,1,1,1,0,0,0,1,1,0,0,0,0,0,0,0,1,0.12788492
d23ce59f22e299f,30270-11821,1,Waymo LLC,5-Day,7.0,2024.0,OCT-2025,SADHW2S15R1,Y,,JAGUAR, ,I-PACE, ,2024.0, ,15a27e37627e8f0,Unknown,"5th Generation ADS, Version 10", ,ADS,Verified Engaged,Waymo LLC, , ,Y, , , , , , , , , ,SEP-2025, ,04:51, ,d23ce59f22e299f,[MAY CONTAIN PERSONALLY IDENTIFIABLE INFORMATION], ,[MAY CONTAIN PERSONALLY IDENTIFIABLE INFORMATION], ,[MAY CONTAIN PERSONALLY IDENTIFIABLE INFORMATION], ,Los Angeles, ,CA,[MAY CONTAIN PERSONALLY IDENTIFIABLE INFORMATION], ,Street, , ,Y, , , , , ,Y, , , , , , , , , , ,SUV,Property Damage. No Injured Reported,Backing, , , , , , ,Y, , , , ,Stopped,"No Subject Vehicle, No Crash Partner","Yes Subject Vehicle, No Crash Partner",Subject Vehicle - No Passenger In Vehicle,0.0, , , , , , , , , ,Y, , , , ,Y, ,Y, , , ,Unknown, ,Yes, ,"On September 28, 2025 at 4:51 AM PT a Waymo Autonomous Vehicle (""Waymo AV"") operating in Los Angeles, California was in a collision involving an SUV on Beverly Boulevard at W. Temple Street. 
The Waymo AV was stopped in a queue of traffic facing northwest in the left lane on Beverly Boulevard for the red light at the intersection with W. Temple Street. An SUV that was stopped directly in front of the Waymo AV activated its hazard lights. The SUV then reversed and the rear of the SUV made contact with the front of the stationary Waymo AV. The driver and passenger of the SUV then exited their vehicle and at 4:54 AM the passenger of the SUV tore off the Waymo AV's right side mirror. At the time of the impact, the Waymo AV's Level 4 ADS was engaged in autonomous mode. Both vehicles sustained damage.

Waymo is reporting this crash under Request No. 1 of Standing General Order 2021-01 because a vehicle involved was towed away. Waymo may supplement or correct its reporting with additional information as it may become available.", ,ADS,current,26669.5,Unknown,Unknown,Unknown,Unknown,Unknown,Unknown,Unknown,Unknown,Unknown,Unknown,Unknown,Unknown,Unknown,Unknown,Unknown,Unknown,Unknown,Unknown,Unknown,Unknown,Unknown,Unknown,Unknown,Unknown,Unknown,45.0,Unknown,Unknown,Unknown,Unknown,Unknown,Unknown,Unknown,Unknown,Unknown,,Unknown,,Unknown,,Unknown,0.0,0.0,1.0,0.0,1,1,1,1,0,0,0,0,1,0,0,0,0,0,0,0,0,0,0,0,0,0,0,0,0,0,0,0,0,0,0,0,0,0,0,0,0,0,0,0,0,0,0,0,0,0,0,0,0,0,1,0,1,1,1,1,1,1,1,1,1,1,1,1,1,1,1,1,1,1,1,1,1,1,1,1,1,1,1,1,1,1,1,1,1,1,1,1,1,1,1,1,0,0,0,1,1,1,1,1,0,0,0,0,0,0,0,0,1,0,0,0,1,0.38616306
dadd18ab4cc4fcb,30270-11205,1,Waymo LLC,5-Day,7.0,2024.0,JUN-2025,SADHW2S19R1,Y,,JAGUAR, ,I-PACE, ,2024.0, ,8532dedf081c3c2,Unknown,5th Generation ADS Version 10, ,ADS,Verified Engaged,Waymo LLC, , ,Y, , , , , , , , , ,JUN-2025, ,22:04, ,dadd18ab4cc4fcb,[MAY CONTAIN PERSONALLY IDENTIFIABLE INFORMATION], ,[MAY CONTAIN PERSONALLY IDENTIFIABLE INFORMATION], ,, ,San Francisco, ,CA,Unknown, ,Intersection, , ,Y, , , , , ,Y, , , , , , , , , , ,Non-Motorist: Cyclist,Minor W/ Hospitalization,Passing,Unknown,Unknown,Unknown,Unknown,Unknown,Unknown,Unknown,Unknown,Unknown,Unknown,Unknown,Parked,"No Subject Vehicle, No Crash Partner","Yes Subject Vehicle, No Crash Partner",Subject Vehicle - Not Belted - see Narrative,0.0, , , , , , , , ,Y, , , , , ,Y, ,Y, , , ,Unknown, ,Yes, ,"On June [XXX], 2025 at 10:04 PM PT a Waymo Autonomous Vehicle (""Waymo AV"") operating in San Francisco, California was in a collision involving a cyclist on [XXX] at [XXX]. 
The Waymo AV was stopped facing southeast in the right lane on [XXX] for a red light at the intersection at [XXX] when a Waymo AV passenger opted to end their ride prior to reaching their originally specified drop-off location, prompting the Waymo AV to park in-lane and activate its hazard lights for the passenger drop-off. A cyclist was traveling southeastbound on [XXX] in between vehicles in the right lane and vehicles stopped at the curb. As the cyclist passed the Waymo AV to the right, a Waymo AV passenger opened the front passenger side door and the front passenger side door of the Waymo AV made contact with the cyclist. The passengers in the vehicle were not belted at the time of the collision, as they were preparing to exit the Waymo AV. At the time of the impact, the Waymo AV's Level 4 ADS was engaged in autonomous mode. The Waymo AV sustained damage. The cyclist reported minor injuries and was transported from the scene in an ambulance. 
Waymo is reporting this crash under Request No. 1 of Standing General Order 2021-01 because an individual involved was transported from the scene to a hospital for medical treatment and a vehicle involved was towed away. Waymo may supplement or correct its reporting with additional information as it may become available.", ,ADS,current,26669.5,Unknown,Unknown,Unknown,Unknown,Unknown,Unknown,Unknown,Unknown,Unknown,Unknown,Unknown,Unknown,Unknown,Unknown,Unknown,Unknown,Unknown,Unknown,Unknown,Unknown,Unknown,Unknown,Unknown,Unknown,Unknown,45.0,Unknown,Unknown,Unknown,Unknown,Unknown,Unknown,Unknown,Unknown,Unknown,,Unknown,,Unknown,,Unknown,1.0,0.0,1.0,0.0,1,1,1,1,0,0,0,0,1,0,0,0,0,0,0,0,0,0,0,0,0,0,0,0,1,0,0,0,0,0,0,0,0,0,0,0,0,0,1,1,1,1,1,1,1,1,1,1,1,0,1,0,1,1,1,1,1,1,1,1,1,1,1,1,1,1,1,1,1,1,1,1,1,1,1,1,1,1,1,1,1,1,1,1,1,1,1,1,1,1,1,1,1,0,0,0,1,0,0,1,0,0,0,0,1,1,0,0,1,0,0,0,1,0.109335065
e2bb33f022e4ab9,30610-11166,1,"Zoox, Inc.",5-Day,7.0,2024.0,JUN-2025,5TDDGRFH9KS,Y,,TOYOTA, ,Highlander, ,2019.0, ,0068afb8e0f4652,In-Vehicle (Commercial / Test),287.25.06.13, ,ADS,Verified Not Engaged,Zoox, , , , ,Y,Y, , , , , , ,JUN-2025, ,15:29, ,e2bb33f022e4ab9,[MAY CONTAIN PERSONALLY IDENTIFIABLE INFORMATION], ,[MAY CONTAIN PERSONALLY IDENTIFIABLE INFORMATION], ,, ,Paradise, ,NV,Unknown, ,Street, , ,Y, , , , , ,Y, , , , , , , , , , ,Pickup Truck,Property Damage. No Injured Reported,Proceeding Straight, , ,Y, , ,Y, , ,Y, , ,Stopped,"No Subject Vehicle, No Crash Partner","Yes Subject Vehicle, No Crash Partner",Subject Vehicle - All Belted,0.0, ,Y, , ,Y, , ,Y, , , , , , ,Y, ,Y, , , ,Unknown, ,Yes, ,"A Zoox vehicle (Vehicle 1) operating in autonomous mode was traveling in the left through lane (lane #2) on westbound [XXX], approaching [XXX] in Las Vegas. The Zoox vehicle operator disengaged from autonomy after the traffic light at [XXX] transitioned from green to yellow and braked, bringing the Zoox vehicle to a stop, at which point it was rear-ended by a pickup truck (Vehicle 2) traveling behind. Both vehicles sustained minor damage however, the Zoox vehicle was towed from the scene as its operator was not comfortable driving it back. There were no reported injuries, and the police were not notified.", ,ADS,current,26669.5,Unknown,Unknown,Unknown,Unknown,Unknown,Unknown,Unknown,Unknown,Unknown,Unknown,Unknown,Unknown,Unknown,Unknown,Unknown,Unknown,Unknown,Unknown,Unknown,Unknown,Unknown,Unknown,Unknown,Unknown,Unknown,45.0,Unknown,Unknown,Unknown,Unknown,Unknown,Unknown,Unknown,Unknown,Unknown,,Unknown,,Unknown,,Unknown,0.0,0.0,1.0,0.0,1,1,1,1,0,0,0,0,0,0,0,0,0,0,0,0,0,0,0,0,0,0,0,0,1,0,0,0,0,0,0,0,0,0,0,0,0,0,0,0,0,0,0,0,0,0,0,0,0,0,1,0,1,1,1,1,1,1,1,1,1,1,1,1,1,1,1,1,1,1,1,1,1,1,1,1,1,1,1,1,1,1,1,1,1,1,1,1,1,1,1,0,1,0,0,0,0,0,1,0,0,0,0,0,0,1,0,1,0,0,0,1,1,0.34953246
fc6ff844b94f122,30610-13662,1,"Zoox, Inc.",5-Day,7.0,2024.0,JAN-2026,7Z00XVHX8TC,Y,[MAY CONTAIN PERSONALLY IDENTIFIABLE INFORMATION],ZOOX, ,Zoox, ,2026.0, ,4e79e773a751fc2,Unknown,B433.26.01.10, ,ADS,Verified Engaged,Zoox, , , , ,Y,Y, , , , , , ,JAN-2026, ,13:51, ,fc6ff844b94f122,[MAY CONTAIN PERSONALLY IDENTIFIABLE INFORMATION], ,[MAY CONTAIN PERSONALLY IDENTIFIABLE INFORMATION], ,[MAY CONTAIN PERSONALLY IDENTIFIABLE INFORMATION], ,San Francisco, ,CA,[MAY CONTAIN PERSONALLY IDENTIFIABLE INFORMATION], ,Street, , ,Y, , , , , ,Y, , , , , , , , , , ,Heavy Truck,Property Damage. No Injured Reported,Backing, , , ,Y, , ,Y, , , , ,Stopped,"No Subject Vehicle, No Crash Partner","Yes Subject Vehicle, No Crash Partner",Subject Vehicle - No Passenger In Vehicle,0.0, , , ,Y, , , , , ,Y, , , , ,Y, ,Y, , , ,Unknown, ,Yes, ,"An unoccupied Zoox autonomous vehicle (Vehicle 1) was traveling east on Alameda Street near Bryant Street in San Francisco. It began to slow down for a stopped box truck (Vehicle 2) in the same lane, which had an open liftgate. As the Zoox vehicle was preparing to maneuver around, Vehicle 2 began to reverse. The Zoox vehicle came to a stop however, Vehicle 2 continued reversing. The Zoox vehicle honked, but Vehicle 2's open liftgate made contact with the right front fender and front fascia of the Zoox vehicle. The Zoox vehicle was towed from the scene and was found to have sustained minor damage. The police were notified, and no injuries were reported.", ,ADS,current,26669.5,Unknown,Unknown,Unknown,Unknown,Unknown,Unknown,Unknown,Unknown,Unknown,Unknown,Unknown,Unknown,Unknown,Unknown,Unknown,Unknown,Unknown,Unknown,Unknown,Unknown,Unknown,Unknown,Unknown,Unknown,Unknown,45.0,Unknown,Unknown,Unknown,Unknown,Unknown,Unknown,Unknown,Unknown,Unknown,,Unknown,,Unknown,,Unknown,0.0,0.0,1.0,0.0,1,1,1,1,0,0,0,0,1,0,0,0,0,0,0,0,0,0,0,0,0,0,0,0,0,0,0,0,0,0,0,0,0,0,0,0,0,0,0,0,0,0,0,0,0,0,0,0,0,0,1,0,1,1,1,1,1,1,1,1,1,1,1,1,1,1,1,1,1,1,1,1,1,1,1,1,1,1,1,1,1,1,1,1,1,1,1,1,1,1,1,1,1,0,0,1,1,1,0,0,0,0,0,0,0,1,1,0,0,0,0,1,1,0.43694708
