n_estimators,max_depth,min_leaf,threshold,precision,recall,f1,TP,FP,FN,TN
100,None,1,0.2,0.49162011173184356,0.8888888888888888,0.6330935251798562,88,91,11,190
100,None,1,0.22,0.5180722891566265,0.8686868686868687,0.6490566037735849,86,80,13,201
100,None,1,0.24,0.5443037974683544,0.8686868686868687,0.6692607003891051,86,72,13,209
100,None,1,0.26,0.5733333333333334,0.8686868686868687,0.6907630522088353,86,64,13,217
100,None,1,0.28,0.5985915492957746,0.8585858585858586,0.7053941908713692,85,57,14,224
100,None,1,0.3,0.6176470588235294,0.8484848484848485,0.7148936170212765,84,52,15,229
100,None,1,0.32,0.6612903225806451,0.8282828282828283,0.73542600896861,82,42,17,239
100,None,1,0.34,0.6956521739130435,0.8080808080808081,0.7476635514018692,80,35,19,246
100,None,1,0.36,0.7452830188679245,0.797979797979798,0.7707317073170732,79,27,20,254
100,None,1,0.38,0.76,0.7676767676767676,0.763819095477387,76,24,23,257
100,None,1,0.4,0.7684210526315789,0.7373737373737373,0.7525773195876289,73,22,26,259
100,None,1,0.42,0.7727272727272727,0.6868686868686869,0.7272727272727273,68,20,31,261
100,None,1,0.44,0.7710843373493976,0.6464646464646465,0.7032967032967034,64,19,35,262
100,None,1,0.46,0.7692307692307693,0.6060606060606061,0.6779661016949152,60,18,39,263
100,None,1,0.48,0.7464788732394366,0.5353535353535354,0.6235294117647059,53,18,46,263
100,None,1,0.5,0.7575757575757576,0.5050505050505051,0.6060606060606061,50,16,49,265
100,None,1,0.52,0.746031746031746,0.47474747474747475,0.5802469135802469,47,16,52,265
100,None,1,0.54,0.7627118644067796,0.45454545454545453,0.569620253164557,45,14,54,267
100,None,1,0.56,0.7636363636363637,0.42424242424242425,0.5454545454545455,42,13,57,268
100,None,1,0.58,0.7843137254901961,0.40404040404040403,0.5333333333333333,40,11,59,270
100,None,1,0.6,0.7708333333333334,0.37373737373737376,0.5034013605442177,37,11,62,270
100,None,1,0.62,0.7777777777777778,0.35353535353535354,0.48611111111111116,35,10,64,271
100,None,1,0.64,0.7857142857142857,0.3333333333333333,0.4680851063829786,33,9,66,272
100,None,1,0.66,0.8484848484848485,0.2828282828282828,0.42424242424242425,28,5,71,276
100,None,1,0.68,0.8666666666666667,0.26262626262626265,0.40310077519379856,26,4,73,277
100,None,1,0.7,0.8888888888888888,0.24242424242424243,0.38095238095238093,24,3,75,278
100,None,1,0.72,0.8695652173913043,0.20202020202020202,0.32786885245901637,20,3,79,278
100,None,1,0.74,0.9047619047619048,0.1919191919191919,0.31666666666666665,19,2,80,279
100,None,1,0.76,0.8888888888888888,0.16161616161616163,0.27350427350427353,16,2,83,279
100,None,1,0.78,0.875,0.1414141414141414,0.2434782608695652,14,2,85,279
100,None,1,0.8,0.8461538461538461,0.1111111111111111,0.19642857142857145,11,2,88,279
100,None,5,0.2,0.32142857142857145,1.0,0.4864864864864865,99,209,0,72
100,None,5,0.22,0.3344594594594595,1.0,0.5012658227848101,99,197,0,84
100,None,5,0.24,0.34256055363321797,1.0,0.5103092783505154,99,190,0,91
100,None,5,0.26,0.3574007220216607,1.0,0.5265957446808511,99,178,0,103
100,None,5,0.28,0.38076923076923075,1.0,0.5515320334261838,99,161,0,120
100,None,5,0.3,0.4177215189873418,1.0,0.5892857142857143,99,138,0,143
100,None,5,0.32,0.4474885844748858,0.98989898989899,0.6163522012578616,98,121,1,160
100,None,5,0.34,0.46411483253588515,0.9797979797979798,0.6298701298701298,97,112,2,169
100,None,5,0.36,0.49238578680203043,0.9797979797979798,0.6554054054054054,97,100,2,181
100,None,5,0.38,0.5300546448087432,0.9797979797979798,0.6879432624113475,97,86,2,195
100,None,5,0.4,0.5549132947976878,0.9696969696969697,0.7058823529411765,96,77,3,204
100,None,5,0.42,0.5900621118012422,0.9595959595959596,0.7307692307692307,95,66,4,215
100,None,5,0.44,0.6064516129032258,0.9494949494949495,0.7401574803149606,94,61,5,220
100,None,5,0.46,0.6433566433566433,0.9292929292929293,0.7603305785123967,92,51,7,230
100,None,5,0.48,0.6744186046511628,0.8787878787878788,0.7631578947368421,87,42,12,239
100,None,5,0.5,0.6854838709677419,0.8585858585858586,0.7623318385650223,85,39,14,242
100,None,5,0.52,0.7168141592920354,0.8181818181818182,0.7641509433962264,81,32,18,249
100,None,5,0.54,0.7358490566037735,0.7878787878787878,0.7609756097560976,78,28,21,253
100,None,5,0.56,0.7653061224489796,0.7575757575757576,0.7614213197969544,75,23,24,258
100,None,5,0.58,0.8095238095238095,0.6868686868686869,0.7431693989071038,68,16,31,265
100,None,5,0.6,0.7777777777777778,0.5656565656565656,0.6549707602339181,56,16,43,265
100,None,5,0.62,0.78125,0.5050505050505051,0.6134969325153373,50,14,49,267
100,None,5,0.64,0.82,0.41414141414141414,0.5503355704697985,41,9,58,272
100,None,5,0.66,0.8292682926829268,0.3434343434343434,0.4857142857142857,34,7,65,274
100,None,5,0.68,0.9032258064516129,0.2828282828282828,0.43076923076923074,28,3,71,278
100,None,5,0.7,0.9230769230769231,0.24242424242424243,0.384,24,2,75,279
100,None,5,0.72,0.95,0.1919191919191919,0.319327731092437,19,1,80,280
100,None,5,0.74,0.9230769230769231,0.12121212121212122,0.21428571428571427,12,1,87,280
100,None,5,0.76,1.0,0.06060606060606061,0.1142857142857143,6,0,93,281
100,None,5,0.78,1.0,0.04040404040404041,0.07766990291262137,4,0,95,281
100,None,5,0.8,1.0,0.030303030303030304,0.05882352941176471,3,0,96,281
100,None,10,0.2,0.2861271676300578,1.0,0.44494382022471907,99,247,0,34
100,None,10,0.22,0.29819277108433734,1.0,0.4593967517401392,99,233,0,48
100,None,10,0.24,0.308411214953271,1.0,0.4714285714285714,99,222,0,59
100,None,10,0.26,0.32038834951456313,1.0,0.4852941176470588,99,210,0,71
100,None,10,0.28,0.3289036544850498,1.0,0.49499999999999994,99,202,0,79
100,None,10,0.3,0.3485915492957746,1.0,0.5169712793733682,99,185,0,96
100,None,10,0.32,0.3626373626373626,1.0,0.532258064516129,99,174,0,107
100,None,10,0.34,0.38223938223938225,1.0,0.553072625698324,99,160,0,121
100,None,10,0.36,0.4024390243902439,1.0,0.5739130434782609,99,147,0,134
100,None,10,0.38,0.44594594594594594,1.0,0.616822429906542,99,123,0,158
100,None,10,0.4,0.46919431279620855,1.0,0.6387096774193548,99,112,0,169
100,None,10,0.42,0.49746192893401014,0.98989898989899,0.6621621621621622,98,99,1,182
100,None,10,0.44,0.521505376344086,0.9797979797979798,0.6807017543859649,97,89,2,192
100,None,10,0.46,0.5380116959064327,0.9292929292929293,0.6814814814814815,92,79,7,202
100,None,10,0.48,0.5838926174496645,0.8787878787878788,0.7016129032258064,87,62,12,219
100,None,10,0.5,0.625,0.8585858585858586,0.7234042553191489,85,51,14,230
100,None,10,0.52,0.6638655462184874,0.797979797979798,0.724770642201835,79,40,20,241
100,None,10,0.54,0.6964285714285714,0.7878787878787878,0.7393364928909952,78,34,21,247
100,None,10,0.56,0.7157894736842105,0.6868686868686869,0.7010309278350515,68,27,31,254
100,None,10,0.58,0.7792207792207793,0.6060606060606061,0.6818181818181818,60,17,39,264
100,None,10,0.6,0.7846153846153846,0.5151515151515151,0.6219512195121952,51,14,48,267
100,None,10,0.62,0.8181818181818182,0.45454545454545453,0.5844155844155845,45,10,54,271
100,None,10,0.64,0.8333333333333334,0.35353535353535354,0.49645390070921985,35,7,64,274
100,None,10,0.66,0.8076923076923077,0.21212121212121213,0.33599999999999997,21,5,78,276
100,None,10,0.68,0.8823529411764706,0.15151515151515152,0.25862068965517243,15,2,84,279
100,None,10,0.7,0.8181818181818182,0.09090909090909091,0.16363636363636364,9,2,90,279
100,None,10,0.72,1.0,0.04040404040404041,0.07766990291262137,4,0,95,281
100,None,10,0.74,1.0,0.010101010101010102,0.02,1,0,98,281
100,None,10,0.76,1.0,0.010101010101010102,0.02,1,0,98,281
100,None,10,0.78,0.0,0.0,0.0,0,0,99,281
100,None,10,0.8,0.0,0.0,0.0,0,0,99,281
100,5,1,0.2,0.27049180327868855,1.0,0.42580645161290326,99,267,0,14
100,5,1,0.22,0.2742382271468144,1.0,0.4304347826086956,99,262,0,19
100,5,1,0.24,0.28205128205128205,1.0,0.44000000000000006,99,252,0,29
100,5,1,0.26,0.2990936555891239,1.0,0.4604651162790698,99,232,0,49
100,5,1,0.28,0.31629392971246006,1.0,0.48058252427184467,99,214,0,67
100,5,1,0.3,0.3289036544850498,1.0,0.49499999999999994,99,202,0,79
100,5,1,0.32,0.336734693877551,1.0,0.5038167938931297,99,195,0,86
100,5,1,0.34,0.35611510791366907,1.0,0.5251989389920424,99,179,0,102
100,5,1,0.36,0.37358490566037733,1.0,0.5439560439560439,99,166,0,115
100,5,1,0.38,0.4008097165991903,1.0,0.5722543352601156,99,148,0,133
100,5,1,0.4,0.43043478260869567,1.0,0.601823708206687,99,131,0,150
100,5,1,0.42,0.46261682242990654,1.0,0.6325878594249201,99,115,0,166
100,5,1,0.44,0.48058252427184467,1.0,0.6491803278688525,99,107,0,174
100,5,1,0.46,0.5212765957446809,0.98989898989899,0.6829268292682926,98,90,1,191
100,5,1,0.48,0.5433526011560693,0.9494949494949495,0.6911764705882353,94,79,5,202
100,5,1,0.5,0.577922077922078,0.898989898989899,0.7035573122529645,89,65,10,216
100,5,1,0.52,0.6259541984732825,0.8282828282828283,0.7130434782608696,82,49,17,232
100,5,1,0.54,0.6521739130434783,0.7575757575757576,0.7009345794392523,75,40,24,241
100,5,1,0.56,0.7176470588235294,0.6161616161616161,0.6630434782608696,61,24,38,257
100,5,1,0.58,0.7833333333333333,0.47474747474747475,0.5911949685534591,47,13,52,268
100,5,1,0.6,0.7959183673469388,0.3939393939393939,0.5270270270270271,39,10,60,271
100,5,1,0.62,0.7857142857142857,0.3333333333333333,0.4680851063829786,33,9,66,272
100,5,1,0.64,0.84375,0.2727272727272727,0.41221374045801523,27,5,72,276
100,5,1,0.66,0.8571428571428571,0.12121212121212122,0.21238938053097345,12,2,87,279
100,5,1,0.68,0.8333333333333334,0.050505050505050504,0.09523809523809525,5,1,94,280
100,5,1,0.7,1.0,0.010101010101010102,0.02,1,0,98,281
100,5,1,0.72,0.0,0.0,0.0,0,0,99,281
100,5,1,0.74,0.0,0.0,0.0,0,0,99,281
100,5,1,0.76,0.0,0.0,0.0,0,0,99,281
100,5,1,0.78,0.0,0.0,0.0,0,0,99,281
100,5,1,0.8,0.0,0.0,0.0,0,0,99,281
100,5,5,0.2,0.2682926829268293,1.0,0.4230769230769231,99,270,0,11
100,5,5,0.22,0.27348066298342544,1.0,0.4295010845986985,99,263,0,18
100,5,5,0.24,0.2773109243697479,1.0,0.43421052631578955,99,258,0,23
100,5,5,0.26,0.28695652173913044,1.0,0.44594594594594594,99,246,0,35
100,5,5,0.28,0.30368098159509205,1.0,0.4658823529411765,99,227,0,54
100,5,5,0.3,0.32673267326732675,1.0,0.4925373134328358,99,204,0,77
100,5,5,0.32,0.33221476510067116,1.0,0.49874055415617125,99,199,0,82
100,5,5,0.34,0.34256055363321797,1.0,0.5103092783505154,99,190,0,91
100,5,5,0.36,0.3535714285714286,1.0,0.5224274406332454,99,181,0,100
100,5,5,0.38,0.37218045112781956,1.0,0.5424657534246575,99,167,0,114
100,5,5,0.4,0.4074074074074074,1.0,0.5789473684210525,99,144,0,137
100,5,5,0.42,0.43805309734513276,1.0,0.6092307692307692,99,127,0,154
100,5,5,0.44,0.4714285714285714,1.0,0.6407766990291262,99,111,0,170
100,5,5,0.46,0.5025641025641026,0.98989898989899,0.6666666666666666,98,97,1,184
100,5,5,0.48,0.5280898876404494,0.9494949494949495,0.6787003610108302,94,84,5,197
100,5,5,0.5,0.5769230769230769,0.9090909090909091,0.7058823529411764,90,66,9,215
100,5,5,0.52,0.6148148148148148,0.8383838383838383,0.7094017094017093,83,52,16,229
100,5,5,0.54,0.6460176991150443,0.7373737373737373,0.6886792452830189,73,40,26,241
100,5,5,0.56,0.6746987951807228,0.5656565656565656,0.6153846153846153,56,27,43,254
100,5,5,0.58,0.7704918032786885,0.47474747474747475,0.5875,47,14,52,267
100,5,5,0.6,0.8125,0.3939393939393939,0.5306122448979591,39,9,60,272
100,5,5,0.62,0.8108108108108109,0.30303030303030304,0.44117647058823534,30,7,69,274
100,5,5,0.64,0.8518518518518519,0.23232323232323232,0.36507936507936506,23,4,76,277
100,5,5,0.66,0.75,0.09090909090909091,0.16216216216216214,9,3,90,278
100,5,5,0.68,1.0,0.04040404040404041,0.07766990291262137,4,0,95,281
100,5,5,0.7,1.0,0.010101010101010102,0.02,1,0,98,281
100,5,5,0.72,0.0,0.0,0.0,0,0,99,281
100,5,5,0.74,0.0,0.0,0.0,0,0,99,281
100,5,5,0.76,0.0,0.0,0.0,0,0,99,281
100,5,5,0.78,0.0,0.0,0.0,0,0,99,281
100,5,5,0.8,0.0,0.0,0.0,0,0,99,281
100,5,10,0.2,0.264,1.0,0.4177215189873418,99,276,0,5
100,5,10,0.22,0.26756756756756755,1.0,0.42217484008528783,99,271,0,10
100,5,10,0.24,0.275,1.0,0.4313725490196079,99,261,0,20
100,5,10,0.26,0.2804532577903683,1.0,0.43805309734513276,99,254,0,27
100,5,10,0.28,0.30275229357798167,1.0,0.46478873239436624,99,228,0,53
100,5,10,0.3,0.31528662420382164,1.0,0.47941888619854717,99,215,0,66
100,5,10,0.32,0.3256578947368421,1.0,0.49131513647642683,99,205,0,76
100,5,10,0.34,0.33,1.0,0.49624060150375937,99,201,0,80
100,5,10,0.36,0.34615384615384615,1.0,0.5142857142857142,99,187,0,94
100,5,10,0.38,0.37218045112781956,1.0,0.5424657534246575,99,167,0,114
100,5,10,0.4,0.396,1.0,0.5673352435530087,99,151,0,130
100,5,10,0.42,0.42857142857142855,1.0,0.6,99,132,0,149
100,5,10,0.44,0.4604651162790698,1.0,0.6305732484076433,99,116,0,165
100,5,10,0.46,0.49230769230769234,0.9696969696969697,0.653061224489796,96,99,3,182
100,5,10,0.48,0.5470588235294118,0.9393939393939394,0.6914498141263942,93,77,6,204
100,5,10,0.5,0.5741935483870968,0.898989898989899,0.7007874015748031,89,66,10,215
100,5,10,0.52,0.5928571428571429,0.8383838383838383,0.6945606694560669,83,57,16,224
100,5,10,0.54,0.6260869565217392,0.7272727272727273,0.6728971962616822,72,43,27,238
100,5,10,0.56,0.686046511627907,0.5959595959595959,0.6378378378378378,59,27,40,254
100,5,10,0.58,0.765625,0.494949494949495,0.6012269938650306,49,15,50,266
100,5,10,0.6,0.7924528301886793,0.42424242424242425,0.5526315789473685,42,11,57,270
100,5,10,0.62,0.7948717948717948,0.31313131313131315,0.44927536231884063,31,8,68,273
100,5,10,0.64,0.8333333333333334,0.20202020202020202,0.3252032520325203,20,4,79,277
100,5,10,0.66,0.8461538461538461,0.1111111111111111,0.19642857142857145,11,2,88,279
100,5,10,0.68,1.0,0.020202020202020204,0.03960396039603961,2,0,97,281
100,5,10,0.7,0.0,0.0,0.0,0,0,99,281
100,5,10,0.72,0.0,0.0,0.0,0,0,99,281
100,5,10,0.74,0.0,0.0,0.0,0,0,99,281
100,5,10,0.76,0.0,0.0,0.0,0,0,99,281
100,5,10,0.78,0.0,0.0,0.0,0,0,99,281
100,5,10,0.8,0.0,0.0,0.0,0,0,99,281
100,10,1,0.2,0.3402061855670103,1.0,0.5076923076923077,99,192,0,89
100,10,1,0.22,0.358695652173913,1.0,0.5279999999999999,99,177,0,104
100,10,1,0.24,0.37218045112781956,1.0,0.5424657534246575,99,167,0,114
100,10,1,0.26,0.4008097165991903,1.0,0.5722543352601156,99,148,0,133
100,10,1,0.28,0.4279475982532751,0.98989898989899,0.5975609756097562,98,131,1,150
100,10,1,0.3,0.43946188340807174,0.98989898989899,0.608695652173913,98,125,1,156
100,10,1,0.32,0.47115384615384615,0.98989898989899,0.6384364820846906,98,110,1,171
100,10,1,0.34,0.5025641025641026,0.98989898989899,0.6666666666666666,98,97,1,184
100,10,1,0.36,0.5159574468085106,0.9797979797979798,0.6759581881533101,97,91,2,190
100,10,1,0.38,0.5517241379310345,0.9696969696969697,0.7032967032967034,96,78,3,203
100,10,1,0.4,0.5757575757575758,0.9595959595959596,0.7196969696969696,95,70,4,211
100,10,1,0.42,0.5949367088607594,0.9494949494949495,0.7315175097276264,94,64,5,217
100,10,1,0.44,0.6301369863013698,0.9292929292929293,0.7510204081632652,92,54,7,227
100,10,1,0.46,0.6590909090909091,0.8787878787878788,0.7532467532467532,87,45,12,236
100,10,1,0.48,0.680327868852459,0.8383838383838383,0.751131221719457,83,39,16,242
100,10,1,0.5,0.7168141592920354,0.8181818181818182,0.7641509433962264,81,32,18,249
100,10,1,0.52,0.7373737373737373,0.7373737373737373,0.7373737373737375,73,26,26,255
100,10,1,0.54,0.7422680412371134,0.7272727272727273,0.7346938775510204,72,25,27,256
100,10,1,0.56,0.735632183908046,0.6464646464646465,0.6881720430107527,64,23,35,258
100,10,1,0.58,0.7432432432432432,0.5555555555555556,0.6358381502890174,55,19,44,262
100,10,1,0.6,0.7741935483870968,0.48484848484848486,0.5962732919254659,48,14,51,267
100,10,1,0.62,0.7924528301886793,0.42424242424242425,0.5526315789473685,42,11,57,270
100,10,1,0.64,0.8,0.36363636363636365,0.5000000000000001,36,9,63,272
100,10,1,0.66,0.8888888888888888,0.32323232323232326,0.4740740740740741,32,4,67,277
100,10,1,0.68,0.8666666666666667,0.26262626262626265,0.40310077519379856,26,4,73,277
100,10,1,0.7,0.84,0.21212121212121213,0.33870967741935487,21,4,78,277
100,10,1,0.72,0.8421052631578947,0.16161616161616163,0.27118644067796616,16,3,83,278
100,10,1,0.74,0.875,0.1414141414141414,0.2434782608695652,14,2,85,279
100,10,1,0.76,1.0,0.09090909090909091,0.16666666666666669,9,0,90,281
100,10,1,0.78,1.0,0.030303030303030304,0.05882352941176471,3,0,96,281
100,10,1,0.8,1.0,0.030303030303030304,0.05882352941176471,3,0,96,281
100,10,5,0.2,0.31329113924050633,1.0,0.47710843373493983,99,217,0,64
100,10,5,0.22,0.32142857142857145,1.0,0.4864864864864865,99,209,0,72
100,10,5,0.24,0.33559322033898303,1.0,0.5025380710659898,99,196,0,85
100,10,5,0.26,0.35231316725978645,1.0,0.5210526315789473,99,182,0,99
100,10,5,0.28,0.3680297397769517,1.0,0.5380434782608696,99,170,0,111
100,10,5,0.3,0.38823529411764707,1.0,0.5593220338983051,99,156,0,125
100,10,5,0.32,0.4074074074074074,1.0,0.5789473684210525,99,144,0,137
100,10,5,0.34,0.43231441048034935,1.0,0.6036585365853658,99,130,0,151
100,10,5,0.36,0.46919431279620855,1.0,0.6387096774193548,99,112,0,169
100,10,5,0.38,0.5,0.98989898989899,0.6644067796610169,98,98,1,183
100,10,5,0.4,0.5133689839572193,0.9696969696969697,0.6713286713286715,96,91,3,190
100,10,5,0.42,0.5454545454545454,0.9696969696969697,0.6981818181818182,96,80,3,201
100,10,5,0.44,0.5621301775147929,0.9595959595959596,0.708955223880597,95,74,4,207
100,10,5,0.46,0.5974025974025974,0.9292929292929293,0.7272727272727272,92,62,7,219
100,10,5,0.48,0.6293706293706294,0.9090909090909091,0.7438016528925621,90,53,9,228
100,10,5,0.5,0.6589147286821705,0.8585858585858586,0.7456140350877193,85,44,14,237
100,10,5,0.52,0.6923076923076923,0.8181818181818182,0.7500000000000001,81,36,18,245
100,10,5,0.54,0.7075471698113207,0.7575757575757576,0.7317073170731707,75,31,24,250
100,10,5,0.56,0.7473684210526316,0.7171717171717171,0.7319587628865979,71,24,28,257
100,10,5,0.58,0.7349397590361446,0.6161616161616161,0.6703296703296703,61,22,38,259
100,10,5,0.6,0.76,0.5757575757575758,0.6551724137931034,57,18,42,263
100,10,5,0.62,0.7419354838709677,0.46464646464646464,0.5714285714285714,46,16,53,265
100,10,5,0.64,0.7708333333333334,0.37373737373737376,0.5034013605442177,37,11,62,270
100,10,5,0.66,0.8157894736842105,0.31313131313131315,0.4525547445255474,31,7,68,274
100,10,5,0.68,0.9032258064516129,0.2828282828282828,0.43076923076923074,28,3,71,278
100,10,5,0.7,0.9090909090909091,0.20202020202020202,0.33057851239669417,20,2,79,279
100,10,5,0.72,0.8333333333333334,0.10101010101010101,0.1801801801801802,10,2,89,279
100,10,5,0.74,0.8888888888888888,0.08080808080808081,0.14814814814814817,8,1,91,280
100,10,5,0.76,1.0,0.030303030303030304,0.05882352941176471,3,0,96,281
100,10,5,0.78,1.0,0.030303030303030304,0.05882352941176471,3,0,96,281
100,10,5,0.8,1.0,0.010101010101010102,0.02,1,0,98,281
100,10,10,0.2,0.29289940828402367,1.0,0.45308924485125857,99,239,0,42
100,10,10,0.22,0.3046153846153846,1.0,0.46698113207547176,99,226,0,55
100,10,10,0.24,0.31528662420382164,1.0,0.47941888619854717,99,215,0,66
100,10,10,0.26,0.3235294117647059,1.0,0.48888888888888893,99,207,0,74
100,10,10,0.28,0.33,1.0,0.49624060150375937,99,201,0,80
100,10,10,0.3,0.34615384615384615,1.0,0.5142857142857142,99,187,0,94
100,10,10,0.32,0.3639705882352941,1.0,0.5336927223719676,99,173,0,108
100,10,10,0.34,0.38076923076923075,1.0,0.5515320334261838,99,161,0,120
100,10,10,0.36,0.4074074074074074,1.0,0.5789473684210525,99,144,0,137
100,10,10,0.38,0.43231441048034935,1.0,0.6036585365853658,99,130,0,151
100,10,10,0.4,0.4583333333333333,1.0,0.6285714285714286,99,117,0,164
100,10,10,0.42,0.4876847290640394,1.0,0.6556291390728477,99,104,0,177
100,10,10,0.44,0.5133689839572193,0.9696969696969697,0.6713286713286715,96,91,3,190
100,10,10,0.46,0.5465116279069767,0.9494949494949495,0.6937269372693726,94,78,5,203
100,10,10,0.48,0.5714285714285714,0.8888888888888888,0.6956521739130435,88,66,11,215
100,10,10,0.5,0.60431654676259,0.8484848484848485,0.7058823529411765,84,55,15,226
100,10,10,0.52,0.6557377049180327,0.8080808080808081,0.7239819004524887,80,42,19,239
100,10,10,0.54,0.6902654867256637,0.7878787878787878,0.7358490566037735,78,35,21,246
100,10,10,0.56,0.7291666666666666,0.7070707070707071,0.717948717948718,70,26,29,255
100,10,10,0.58,0.7567567567567568,0.5656565656565656,0.6473988439306358,56,18,43,263
100,10,10,0.6,0.7903225806451613,0.494949494949495,0.6086956521739131,49,13,50,268
100,10,10,0.62,0.8,0.4444444444444444,0.5714285714285714,44,11,55,270
100,10,10,0.64,0.8095238095238095,0.3434343434343434,0.48226950354609927,34,8,65,273
100,10,10,0.66,0.8214285714285714,0.23232323232323232,0.36220472440944884,23,5,76,276
100,10,10,0.68,0.8823529411764706,0.15151515151515152,0.25862068965517243,15,2,84,279
100,10,10,0.7,0.8181818181818182,0.09090909090909091,0.16363636363636364,9,2,90,279
100,10,10,0.72,0.75,0.030303030303030304,0.05825242718446602,3,1,96,280
100,10,10,0.74,1.0,0.010101010101010102,0.02,1,0,98,281
100,10,10,0.76,1.0,0.010101010101010102,0.02,1,0,98,281
100,10,10,0.78,0.0,0.0,0.0,0,0,99,281
100,10,10,0.8,0.0,0.0,0.0,0,0,99,281
200,None,1,0.2,0.5144508670520231,0.898989898989899,0.6544117647058824,89,84,10,197
200,None,1,0.22,0.5393939393939394,0.898989898989899,0.6742424242424243,89,76,10,205
200,None,1,0.24,0.5471698113207547,0.8787878787878788,0.6744186046511628,87,72,12,209
200,None,1,0.26,0.5723684210526315,0.8787878787878788,0.6932270916334661,87,65,12,216
200,None,1,0.28,0.5972222222222222,0.8686868686868687,0.7078189300411524,86,58,13,223
200,None,1,0.3,0.6222222222222222,0.8484848484848485,0.7179487179487178,84,51,15,230
200,None,1,0.32,0.6585365853658537,0.8181818181818182,0.7297297297297297,81,42,18,239
200,None,1,0.34,0.6982758620689655,0.8181818181818182,0.7534883720930233,81,35,18,246
200,None,1,0.36,0.7142857142857143,0.8080808080808081,0.7582938388625592,80,32,19,249
200,None,1,0.38,0.7476635514018691,0.8080808080808081,0.7766990291262135,80,27,19,254
200,None,1,0.4,0.7745098039215687,0.797979797979798,0.7860696517412936,79,23,20,258
200,None,1,0.42,0.7894736842105263,0.7575757575757576,0.7731958762886598,75,20,24,261
200,None,1,0.44,0.7906976744186046,0.6868686868686869,0.735135135135135,68,18,31,263
200,None,1,0.46,0.7721518987341772,0.6161616161616161,0.6853932584269664,61,18,38,263
200,None,1,0.48,0.7733333333333333,0.5858585858585859,0.6666666666666667,58,17,41,264
200,None,1,0.5,0.7536231884057971,0.5252525252525253,0.6190476190476191,52,17,47,264
200,None,1,0.52,0.7619047619047619,0.48484848484848486,0.5925925925925926,48,15,51,266
200,None,1,0.54,0.75,0.45454545454545453,0.5660377358490566,45,15,54,266
200,None,1,0.56,0.7586206896551724,0.4444444444444444,0.5605095541401274,44,14,55,267
200,None,1,0.58,0.7777777777777778,0.42424242424242425,0.5490196078431373,42,12,57,269
200,None,1,0.6,0.7959183673469388,0.3939393939393939,0.5270270270270271,39,10,60,271
200,None,1,0.62,0.782608695652174,0.36363636363636365,0.496551724137931,36,10,63,271
200,None,1,0.64,0.85,0.3434343434343434,0.48920863309352514,34,6,65,275
200,None,1,0.66,0.8571428571428571,0.30303030303030304,0.4477611940298507,30,5,69,276
200,None,1,0.68,0.8387096774193549,0.26262626262626265,0.4,26,5,73,276
200,None,1,0.7,0.8928571428571429,0.25252525252525254,0.3937007874015748,25,3,74,278
200,None,1,0.72,0.8846153846153846,0.23232323232323232,0.368,23,3,76,278
200,None,1,0.74,0.875,0.21212121212121213,0.3414634146341463,21,3,78,278
200,None,1,0.76,0.85,0.1717171717171717,0.2857142857142857,17,3,82,278
200,None,1,0.78,0.8823529411764706,0.15151515151515152,0.25862068965517243,15,2,84,279
200,None,1,0.8,0.8666666666666667,0.13131313131313133,0.22807017543859653,13,2,86,279
200,None,5,0.2,0.32142857142857145,1.0,0.4864864864864865,99,209,0,72
200,None,5,0.22,0.33221476510067116,1.0,0.49874055415617125,99,199,0,82
200,None,5,0.24,0.34494773519163763,1.0,0.5129533678756476,99,188,0,93
200,None,5,0.26,0.3613138686131387,1.0,0.5308310991957105,99,175,0,106
200,None,5,0.28,0.3852140077821012,1.0,0.5561797752808989,99,158,0,123
200,None,5,0.3,0.41422594142259417,1.0,0.5857988165680473,99,140,0,141
200,None,5,0.32,0.44545454545454544,0.98989898989899,0.6144200626959248,98,122,1,159
200,None,5,0.34,0.47115384615384615,0.98989898989899,0.6384364820846906,98,110,1,171
200,None,5,0.36,0.5077720207253886,0.98989898989899,0.6712328767123288,98,95,1,186
200,None,5,0.38,0.5300546448087432,0.9797979797979798,0.6879432624113475,97,86,2,195
200,None,5,0.4,0.5680473372781065,0.9696969696969697,0.7164179104477613,96,73,3,208
200,None,5,0.42,0.5757575757575758,0.9595959595959596,0.7196969696969696,95,70,4,211
200,None,5,0.44,0.6050955414012739,0.9595959595959596,0.7421875,95,62,4,219
200,None,5,0.46,0.6413793103448275,0.9393939393939394,0.7622950819672132,93,52,6,229
200,None,5,0.48,0.6590909090909091,0.8787878787878788,0.7532467532467532,87,45,12,236
200,None,5,0.5,0.7,0.8484848484848485,0.7671232876712328,84,36,15,245
200,None,5,0.52,0.7168141592920354,0.8181818181818182,0.7641509433962264,81,32,18,249
200,None,5,0.54,0.7403846153846154,0.7777777777777778,0.7586206896551725,77,27,22,254
200,None,5,0.56,0.7604166666666666,0.7373737373737373,0.7487179487179487,73,23,26,258
200,None,5,0.58,0.7640449438202247,0.6868686868686869,0.7234042553191489,68,21,31,260
200,None,5,0.6,0.7894736842105263,0.6060606060606061,0.6857142857142856,60,16,39,265
200,None,5,0.62,0.78125,0.5050505050505051,0.6134969325153373,50,14,49,267
200,None,5,0.64,0.7843137254901961,0.40404040404040403,0.5333333333333333,40,11,59,270
200,None,5,0.66,0.85,0.3434343434343434,0.48920863309352514,34,6,65,275
200,None,5,0.68,0.875,0.2828282828282828,0.4274809160305343,28,4,71,277
200,None,5,0.7,0.8888888888888888,0.24242424242424243,0.38095238095238093,24,3,75,278
200,None,5,0.72,0.9,0.18181818181818182,0.3025210084033613,18,2,81,279
200,None,5,0.74,0.9230769230769231,0.12121212121212122,0.21428571428571427,12,1,87,280
200,None,5,0.76,1.0,0.0707070707070707,0.1320754716981132,7,0,92,281
200,None,5,0.78,1.0,0.050505050505050504,0.09615384615384615,5,0,94,281
200,None,5,0.8,1.0,0.030303030303030304,0.05882352941176471,3,0,96,281
200,None,10,0.2,0.2964071856287425,1.0,0.4572748267898384,99,235,0,46
200,None,10,0.22,0.308411214953271,1.0,0.4714285714285714,99,222,0,59
200,None,10,0.24,0.31629392971246006,1.0,0.48058252427184467,99,214,0,67
200,None,10,0.26,0.3289036544850498,1.0,0.49499999999999994,99,202,0,79
200,None,10,0.28,0.33559322033898303,1.0,0.5025380710659898,99,196,0,85
200,None,10,0.3,0.35106382978723405,1.0,0.5196850393700788,99,183,0,98
200,None,10,0.32,0.37786259541984735,1.0,0.5484764542936288,99,163,0,118
200,None,10,0.34,0.396,1.0,0.5673352435530087,99,151,0,130
200,None,10,0.36,0.4194915254237288,1.0,0.591044776119403,99,137,0,144
200,None,10,0.38,0.44594594594594594,1.0,0.616822429906542,99,123,0,158
200,None,10,0.4,0.4782608695652174,1.0,0.6470588235294118,99,108,0,173
200,None,10,0.42,0.49238578680203043,0.9797979797979798,0.6554054054054054,97,100,2,181
200,None,10,0.44,0.5303867403314917,0.9696969696969697,0.6857142857142856,96,85,3,196
200,None,10,0.46,0.5529411764705883,0.9494949494949495,0.6988847583643123,94,76,5,205
200,None,10,0.48,0.5945945945945946,0.8888888888888888,0.7125506072874493,88,60,11,221
200,None,10,0.5,0.6222222222222222,0.8484848484848485,0.7179487179487178,84,51,15,230
200,None,10,0.52,0.6507936507936508,0.8282828282828283,0.7288888888888889,82,44,17,237
200,None,10,0.54,0.7053571428571429,0.797979797979798,0.7488151658767774,79,33,20,248
200,None,10,0.56,0.7272727272727273,0.7272727272727273,0.7272727272727273,72,27,27,254
200,None,10,0.58,0.7439024390243902,0.6161616161616161,0.6740331491712708,61,21,38,260
200,None,10,0.6,0.803030303030303,0.5353535353535354,0.6424242424242425,53,13,46,268
200,None,10,0.62,0.7931034482758621,0.46464646464646464,0.5859872611464969,46,12,53,269
200,None,10,0.64,0.8222222222222222,0.37373737373737376,0.513888888888889,37,8,62,273
200,None,10,0.66,0.8275862068965517,0.24242424242424243,0.37499999999999994,24,5,75,276
200,None,10,0.68,0.8636363636363636,0.1919191919191919,0.3140495867768595,19,3,80,278
200,None,10,0.7,0.8,0.08080808080808081,0.1467889908256881,8,2,91,279
200,None,10,0.72,0.875,0.0707070707070707,0.1308411214953271,7,1,92,280
200,None,10,0.74,1.0,0.030303030303030304,0.05882352941176471,3,0,96,281
200,None,10,0.76,1.0,0.010101010101010102,0.02,1,0,98,281
200,None,10,0.78,0.0,0.0,0.0,0,0,99,281
200,None,10,0.8,0.0,0.0,0.0,0,0,99,281
200,5,1,0.2,0.2742382271468144,1.0,0.4304347826086956,99,262,0,19
200,5,1,0.22,0.2773109243697479,1.0,0.43421052631578955,99,258,0,23
200,5,1,0.24,0.2877906976744186,1.0,0.4469525959367946,99,245,0,36
200,5,1,0.26,0.30745341614906835,1.0,0.4703087885985749,99,223,0,58
200,5,1,0.28,0.3235294117647059,1.0,0.48888888888888893,99,207,0,74
200,5,1,0.3,0.3378839590443686,1.0,0.5051020408163265,99,194,0,87
200,5,1,0.32,0.3498233215547703,1.0,0.5183246073298429,99,184,0,97
200,5,1,0.34,0.36666666666666664,1.0,0.5365853658536585,99,171,0,110
200,5,1,0.36,0.38671875,1.0,0.5577464788732395,99,157,0,124
200,5,1,0.38,0.4074074074074074,1.0,0.5789473684210525,99,144,0,137
200,5,1,0.4,0.4177215189873418,1.0,0.5892857142857143,99,138,0,143
200,5,1,0.42,0.44,1.0,0.6111111111111112,99,126,0,155
200,5,1,0.44,0.4714285714285714,1.0,0.6407766990291262,99,111,0,170
200,5,1,0.46,0.5025380710659898,1.0,0.6689189189189189,99,98,0,183
200,5,1,0.48,0.536723163841808,0.9595959595959596,0.6884057971014493,95,82,4,199
200,5,1,0.5,0.5548780487804879,0.9191919191919192,0.6920152091254752,91,73,8,208
200,5,1,0.52,0.60431654676259,0.8484848484848485,0.7058823529411765,84,55,15,226
200,5,1,0.54,0.6416666666666667,0.7777777777777778,0.7031963470319635,77,43,22,238
200,5,1,0.56,0.7021276595744681,0.6666666666666666,0.6839378238341969,66,28,33,253
200,5,1,0.58,0.7313432835820896,0.494949494949495,0.5903614457831325,49,18,50,263
200,5,1,0.6,0.7924528301886793,0.42424242424242425,0.5526315789473685,42,11,57,270
200,5,1,0.62,0.8048780487804879,0.3333333333333333,0.4714285714285715,33,8,66,273
200,5,1,0.64,0.8333333333333334,0.30303030303030304,0.4444444444444444,30,6,69,275
200,5,1,0.66,0.9090909090909091,0.20202020202020202,0.33057851239669417,20,2,79,279
200,5,1,0.68,0.8571428571428571,0.06060606060606061,0.11320754716981131,6,1,93,280
200,5,1,0.7,1.0,0.010101010101010102,0.02,1,0,98,281
200,5,1,0.72,0.0,0.0,0.0,0,0,99,281
200,5,1,0.74,0.0,0.0,0.0,0,0,99,281
200,5,1,0.76,0.0,0.0,0.0,0,0,99,281
200,5,1,0.78,0.0,0.0,0.0,0,0,99,281
200,5,1,0.8,0.0,0.0,0.0,0,0,99,281
200,5,5,0.2,0.27123287671232876,1.0,0.4267241379310344,99,266,0,15
200,5,5,0.22,0.2773109243697479,1.0,0.43421052631578955,99,258,0,23
200,5,5,0.24,0.28448275862068967,1.0,0.44295302013422816,99,249,0,32
200,5,5,0.26,0.3009118541033435,1.0,0.46261682242990654,99,230,0,51
200,5,5,0.28,0.3193548387096774,1.0,0.48410757946210264,99,211,0,70
200,5,5,0.3,0.3289036544850498,1.0,0.49499999999999994,99,202,0,79
200,5,5,0.32,0.34256055363321797,1.0,0.5103092783505154,99,190,0,91
200,5,5,0.34,0.3548387096774194,1.0,0.5238095238095238,99,180,0,101
200,5,5,0.36,0.376425855513308,1.0,0.5469613259668509,99,164,0,117
200,5,5,0.38,0.39919354838709675,1.0,0.5706051873198847,99,149,0,132
200,5,5,0.4,0.4177215189873418,1.0,0.5892857142857143,99,138,0,143
200,5,5,0.42,0.4342105263157895,1.0,0.6055045871559633,99,129,0,152
200,5,5,0.44,0.4583333333333333,1.0,0.6285714285714286,99,117,0,164
200,5,5,0.46,0.49746192893401014,0.98989898989899,0.6621621621621622,98,99,1,182
200,5,5,0.48,0.532608695652174,0.98989898989899,0.6925795053003534,98,86,1,195
200,5,5,0.5,0.5740740740740741,0.9393939393939394,0.7126436781609197,93,69,6,212
200,5,5,0.52,0.6041666666666666,0.8787878787878788,0.7160493827160493,87,57,12,224
200,5,5,0.54,0.639344262295082,0.7878787878787878,0.7058823529411764,78,44,21,237
200,5,5,0.56,0.6494845360824743,0.6363636363636364,0.6428571428571429,63,34,36,247
200,5,5,0.58,0.7391304347826086,0.5151515151515151,0.6071428571428571,51,18,48,263
200,5,5,0.6,0.8235294117647058,0.42424242424242425,0.5599999999999999,42,9,57,272
200,5,5,0.62,0.8048780487804879,0.3333333333333333,0.4714285714285715,33,8,66,273
200,5,5,0.64,0.8387096774193549,0.26262626262626265,0.4,26,5,73,276
200,5,5,0.66,0.8666666666666667,0.13131313131313133,0.22807017543859653,13,2,86,279
200,5,5,0.68,1.0,0.050505050505050504,0.09615384615384615,5,0,94,281
200,5,5,0.7,0.0,0.0,0.0,0,0,99,281
200,5,5,0.72,0.0,0.0,0.0,0,0,99,281
200,5,5,0.74,0.0,0.0,0.0,0,0,99,281
200,5,5,0.76,0.0,0.0,0.0,0,0,99,281
200,5,5,0.78,0.0,0.0,0.0,0,0,99,281
200,5,5,0.8,0.0,0.0,0.0,0,0,99,281
200,5,10,0.2,0.26541554959785524,1.0,0.41949152542372886,99,274,0,7
200,5,10,0.22,0.27049180327868855,1.0,0.42580645161290326,99,267,0,14
200,5,10,0.24,0.276536312849162,1.0,0.43326039387308535,99,259,0,22
200,5,10,0.26,0.2894736842105263,1.0,0.4489795918367347,99,243,0,38
200,5,10,0.28,0.3055555555555556,1.0,0.46808510638297873,99,225,0,56
200,5,10,0.3,0.32142857142857145,1.0,0.4864864864864865,99,209,0,72
200,5,10,0.32,0.3311036789297659,1.0,0.49748743718592964,99,200,0,81
200,5,10,0.34,0.34494773519163763,1.0,0.5129533678756476,99,188,0,93
200,5,10,0.36,0.3639705882352941,1.0,0.5336927223719676,99,173,0,108
200,5,10,0.38,0.3944223107569721,1.0,0.5657142857142856,99,152,0,129
200,5,10,0.4,0.41422594142259417,1.0,0.5857988165680473,99,140,0,141
200,5,10,0.42,0.43805309734513276,1.0,0.6092307692307692,99,127,0,154
200,5,10,0.44,0.4604651162790698,1.0,0.6305732484076433,99,116,0,165
200,5,10,0.46,0.495,1.0,0.6622073578595317,99,101,0,180
200,5,10,0.48,0.5340909090909091,0.9494949494949495,0.6836363636363636,94,82,5,199
200,5,10,0.5,0.5660377358490566,0.9090909090909091,0.6976744186046512,90,69,9,212
200,5,10,0.52,0.5915492957746479,0.8484848484848485,0.6970954356846473,84,58,15,223
200,5,10,0.54,0.6311475409836066,0.7777777777777778,0.6968325791855203,77,45,22,236
200,5,10,0.56,0.6813186813186813,0.6262626262626263,0.6526315789473685,62,29,37,252
200,5,10,0.58,0.7205882352941176,0.494949494949495,0.5868263473053892,49,19,50,262
200,5,10,0.6,0.7857142857142857,0.4444444444444444,0.5677419354838709,44,12,55,269
200,5,10,0.62,0.7857142857142857,0.3333333333333333,0.4680851063829786,33,9,66,272
200,5,10,0.64,0.8571428571428571,0.24242424242424243,0.37795275590551186,24,4,75,277
200,5,10,0.66,0.8571428571428571,0.12121212121212122,0.21238938053097345,12,2,87,279
200,5,10,0.68,1.0,0.030303030303030304,0.05882352941176471,3,0,96,281
200,5,10,0.7,0.0,0.0,0.0,0,0,99,281
200,5,10,0.72,0.0,0.0,0.0,0,0,99,281
200,5,10,0.74,0.0,0.0,0.0,0,0,99,281
200,5,10,0.76,0.0,0.0,0.0,0,0,99,281
200,5,10,0.78,0.0,0.0,0.0,0,0,99,281
200,5,10,0.8,0.0,0.0,0.0,0,0,99,281
200,10,1,0.2,0.35611510791366907,1.0,0.5251989389920424,99,179,0,102
200,10,1,0.22,0.37218045112781956,1.0,0.5424657534246575,99,167,0,114
200,10,1,0.24,0.4008097165991903,1.0,0.5722543352601156,99,148,0,133
200,10,1,0.26,0.4188034188034188,0.98989898989899,0.5885885885885886,98,136,1,145
200,10,1,0.28,0.44144144144144143,0.98989898989899,0.6105919003115264,98,124,1,157
200,10,1,0.3,0.46226415094339623,0.98989898989899,0.6302250803858521,98,114,1,167
200,10,1,0.32,0.48514851485148514,0.98989898989899,0.6511627906976744,98,104,1,177
200,10,1,0.34,0.5132275132275133,0.9797979797979798,0.673611111111111,97,92,2,189
200,10,1,0.36,0.5423728813559322,0.9696969696969697,0.6956521739130436,96,81,3,200
200,10,1,0.38,0.5853658536585366,0.9696969696969697,0.7300380228136881,96,68,3,213
200,10,1,0.4,0.6050955414012739,0.9595959595959596,0.7421875,95,62,4,219
200,10,1,0.42,0.6438356164383562,0.9494949494949495,0.7673469387755102,94,52,5,229
200,10,1,0.44,0.6642335766423357,0.9191919191919192,0.7711864406779662,91,46,8,235
200,10,1,0.46,0.6796875,0.8787878787878788,0.7665198237885462,87,41,12,240
200,10,1,0.48,0.711864406779661,0.8484848484848485,0.7741935483870968,84,34,15,247
200,10,1,0.5,0.7387387387387387,0.8282828282828283,0.780952380952381,82,29,17,252
200,10,1,0.52,0.7475728155339806,0.7777777777777778,0.7623762376237624,77,26,22,255
200,10,1,0.54,0.7653061224489796,0.7575757575757576,0.7614213197969544,75,23,24,258
200,10,1,0.56,0.7634408602150538,0.7171717171717171,0.7395833333333334,71,22,28,259
200,10,1,0.58,0.7831325301204819,0.6565656565656566,0.7142857142857142,65,18,34,263
200,10,1,0.6,0.7746478873239436,0.5555555555555556,0.6470588235294117,55,16,44,265
200,10,1,0.62,0.7796610169491526,0.46464646464646464,0.5822784810126582,46,13,53,268
200,10,1,0.64,0.8163265306122449,0.40404040404040403,0.5405405405405406,40,9,59,272
200,10,1,0.66,0.8536585365853658,0.35353535353535354,0.5,35,6,64,275
200,10,1,0.68,0.8857142857142857,0.31313131313131315,0.4626865671641791,31,4,68,277
200,10,1,0.7,0.896551724137931,0.26262626262626265,0.40625000000000006,26,3,73,278
200,10,1,0.72,0.8636363636363636,0.1919191919191919,0.3140495867768595,19,3,80,278
200,10,1,0.74,0.9375,0.15151515151515152,0.2608695652173913,15,1,84,280
200,10,1,0.76,0.9166666666666666,0.1111111111111111,0.1981981981981982,11,1,88,280
200,10,1,0.78,1.0,0.06060606060606061,0.1142857142857143,6,0,93,281
200,10,1,0.8,1.0,0.030303030303030304,0.05882352941176471,3,0,96,281
200,10,5,0.2,0.309375,1.0,0.4725536992840096,99,221,0,60
200,10,5,0.22,0.32038834951456313,1.0,0.4852941176470588,99,210,0,71
200,10,5,0.24,0.33221476510067116,1.0,0.49874055415617125,99,199,0,82
200,10,5,0.26,0.3498233215547703,1.0,0.5183246073298429,99,184,0,97
200,10,5,0.28,0.3680297397769517,1.0,0.5380434782608696,99,170,0,111
200,10,5,0.3,0.38372093023255816,1.0,0.5546218487394958,99,159,0,122
200,10,5,0.32,0.4074074074074074,1.0,0.5789473684210525,99,144,0,137
200,10,5,0.34,0.4267241379310345,1.0,0.5981873111782477,99,133,0,148
200,10,5,0.36,0.4647887323943662,1.0,0.6346153846153846,99,114,0,167
200,10,5,0.38,0.48756218905472637,0.98989898989899,0.6533333333333334,98,103,1,178
200,10,5,0.4,0.5185185185185185,0.98989898989899,0.6805555555555556,98,91,1,190
200,10,5,0.42,0.5549132947976878,0.9696969696969697,0.7058823529411765,96,77,3,204
200,10,5,0.44,0.5696969696969697,0.9494949494949495,0.7121212121212122,94,71,5,210
200,10,5,0.46,0.6,0.9393939393939394,0.732283464566929,93,62,6,219
200,10,5,0.48,0.6293706293706294,0.9090909090909091,0.7438016528925621,90,53,9,228
200,10,5,0.5,0.6666666666666666,0.8686868686868687,0.7543859649122807,86,43,13,238
200,10,5,0.52,0.6956521739130435,0.8080808080808081,0.7476635514018692,80,35,19,246
200,10,5,0.54,0.7352941176470589,0.7575757575757576,0.746268656716418,75,27,24,254
200,10,5,0.56,0.7395833333333334,0.7171717171717171,0.7282051282051282,71,25,28,256
200,10,5,0.58,0.7529411764705882,0.6464646464646465,0.6956521739130435,64,21,35,260
200,10,5,0.6,0.7638888888888888,0.5555555555555556,0.6432748538011696,55,17,44,264
200,10,5,0.62,0.7457627118644068,0.4444444444444444,0.5569620253164557,44,15,55,266
200,10,5,0.64,0.7777777777777778,0.35353535353535354,0.48611111111111116,35,10,64,271
200,10,5,0.66,0.8529411764705882,0.29292929292929293,0.43609022556390975,29,5,70,276
200,10,5,0.68,0.8709677419354839,0.2727272727272727,0.4153846153846154,27,4,72,277
200,10,5,0.7,0.8947368421052632,0.1717171717171717,0.288135593220339,17,2,82,279
200,10,5,0.72,0.9166666666666666,0.1111111111111111,0.1981981981981982,11,1,88,280
200,10,5,0.74,0.8888888888888888,0.08080808080808081,0.14814814814814817,8,1,91,280
200,10,5,0.76,1.0,0.030303030303030304,0.05882352941176471,3,0,96,281
200,10,5,0.78,1.0,0.030303030303030304,0.05882352941176471,3,0,96,281
200,10,5,0.8,1.0,0.010101010101010102,0.02,1,0,98,281
200,10,10,0.2,0.2990936555891239,1.0,0.4604651162790698,99,232,0,49
200,10,10,0.22,0.3103448275862069,1.0,0.4736842105263158,99,220,0,61
200,10,10,0.24,0.3183279742765273,1.0,0.48292682926829267,99,212,0,69
200,10,10,0.26,0.3289036544850498,1.0,0.49499999999999994,99,202,0,79
200,10,10,0.28,0.3378839590443686,1.0,0.5051020408163265,99,194,0,87
200,10,10,0.3,0.3498233215547703,1.0,0.5183246073298429,99,184,0,97
200,10,10,0.32,0.37218045112781956,1.0,0.5424657534246575,99,167,0,114
200,10,10,0.34,0.39285714285714285,1.0,0.5641025641025641,99,153,0,128
200,10,10,0.36,0.4177215189873418,1.0,0.5892857142857143,99,138,0,143
200,10,10,0.38,0.44,1.0,0.6111111111111112,99,126,0,155
200,10,10,0.4,0.4714285714285714,1.0,0.6407766990291262,99,111,0,170
200,10,10,0.42,0.495,1.0,0.6622073578595317,99,101,0,180
200,10,10,0.44,0.5217391304347826,0.9696969696969697,0.6784452296819787,96,88,3,193
200,10,10,0.46,0.543859649122807,0.9393939393939394,0.688888888888889,93,78,6,203
200,10,10,0.48,0.577922077922078,0.898989898989899,0.7035573122529645,89,65,10,216
200,10,10,0.5,0.6142857142857143,0.8686868686868687,0.7196652719665272,86,54,13,227
200,10,10,0.52,0.656,0.8282828282828283,0.7321428571428571,82,43,17,238
200,10,10,0.54,0.7117117117117117,0.797979797979798,0.7523809523809525,79,32,20,249
200,10,10,0.56,0.74,0.7474747474747475,0.743718592964824,74,26,25,255
200,10,10,0.58,0.759493670886076,0.6060606060606061,0.6741573033707866,60,19,39,262
200,10,10,0.6,0.7910447761194029,0.5353535353535354,0.6385542168674698,53,14,46,267
200,10,10,0.62,0.7931034482758621,0.46464646464646464,0.5859872611464969,46,12,53,269
200,10,10,0.64,0.8222222222222222,0.37373737373737376,0.513888888888889,37,8,62,273
200,10,10,0.66,0.8275862068965517,0.24242424242424243,0.37499999999999994,24,5,75,276
200,10,10,0.68,0.8636363636363636,0.1919191919191919,0.3140495867768595,19,3,80,278
200,10,10,0.7,0.8181818181818182,0.09090909090909091,0.16363636363636364,9,2,90,279
200,10,10,0.72,0.875,0.0707070707070707,0.1308411214953271,7,1,92,280
200,10,10,0.74,1.0,0.010101010101010102,0.02,1,0,98,281
200,10,10,0.76,1.0,0.010101010101010102,0.02,1,0,98,281
200,10,10,0.78,0.0,0.0,0.0,0,0,99,281
200,10,10,0.8,0.0,0.0,0.0,0,0,99,281
300,None,1,0.2,0.5056818181818182,0.898989898989899,0.6472727272727273,89,87,10,194
300,None,1,0.22,0.5365853658536586,0.8888888888888888,0.6692015209125475,88,76,11,205
300,None,1,0.24,0.5569620253164557,0.8888888888888888,0.6848249027237354,88,70,11,211
300,None,1,0.26,0.5723684210526315,0.8787878787878788,0.6932270916334661,87,65,12,216
300,None,1,0.28,0.6013986013986014,0.8686868686868687,0.7107438016528924,86,57,13,224
300,None,1,0.3,0.6335877862595419,0.8383838383838383,0.7217391304347825,83,48,16,233
300,None,1,0.32,0.6612903225806451,0.8282828282828283,0.73542600896861,82,42,17,239
300,None,1,0.34,0.7168141592920354,0.8181818181818182,0.7641509433962264,81,32,18,249
300,None,1,0.36,0.7272727272727273,0.8080808080808081,0.7655502392344496,80,30,19,251
300,None,1,0.38,0.7596153846153846,0.797979797979798,0.7783251231527094,79,25,20,256
300,None,1,0.4,0.7755102040816326,0.7676767676767676,0.7715736040609136,76,22,23,259
300,None,1,0.42,0.7888888888888889,0.7171717171717171,0.7513227513227514,71,19,28,262
300,None,1,0.44,0.7804878048780488,0.6464646464646465,0.7071823204419891,64,18,35,263
300,None,1,0.46,0.7848101265822784,0.6262626262626263,0.6966292134831461,62,17,37,264
300,None,1,0.48,0.7702702702702703,0.5757575757575758,0.6589595375722543,57,17,42,264
300,None,1,0.5,0.7647058823529411,0.5252525252525253,0.6227544910179641,52,16,47,265
300,None,1,0.52,0.765625,0.494949494949495,0.6012269938650306,49,15,50,266
300,None,1,0.54,0.7666666666666667,0.46464646464646464,0.5786163522012578,46,14,53,267
300,None,1,0.56,0.7586206896551724,0.4444444444444444,0.5605095541401274,44,14,55,267
300,None,1,0.58,0.7692307692307693,0.40404040404040403,0.5298013245033112,40,12,59,269
300,None,1,0.6,0.7708333333333334,0.37373737373737376,0.5034013605442177,37,11,62,270
300,None,1,0.62,0.8043478260869565,0.37373737373737376,0.5103448275862069,37,9,62,272
300,None,1,0.64,0.8648648648648649,0.32323232323232326,0.47058823529411764,32,5,67,276
300,None,1,0.66,0.8529411764705882,0.29292929292929293,0.43609022556390975,29,5,70,276
300,None,1,0.68,0.84375,0.2727272727272727,0.41221374045801523,27,5,72,276
300,None,1,0.7,0.8928571428571429,0.25252525252525254,0.3937007874015748,25,3,74,278
300,None,1,0.72,0.88,0.2222222222222222,0.3548387096774193,22,3,77,278
300,None,1,0.74,0.8695652173913043,0.20202020202020202,0.32786885245901637,20,3,79,278
300,None,1,0.76,0.9,0.18181818181818182,0.3025210084033613,18,2,81,279
300,None,1,0.78,0.8823529411764706,0.15151515151515152,0.25862068965517243,15,2,84,279
300,None,1,0.8,0.8666666666666667,0.13131313131313133,0.22807017543859653,13,2,86,279
300,None,5,0.2,0.3183279742765273,1.0,0.48292682926829267,99,212,0,69
300,None,5,0.22,0.33,1.0,0.49624060150375937,99,201,0,80
300,None,5,0.24,0.34256055363321797,1.0,0.5103092783505154,99,190,0,91
300,None,5,0.26,0.3574007220216607,1.0,0.5265957446808511,99,178,0,103
300,None,5,0.28,0.38671875,1.0,0.5577464788732395,99,157,0,124
300,None,5,0.3,0.4074074074074074,1.0,0.5789473684210525,99,144,0,137
300,None,5,0.32,0.43171806167400884,0.98989898989899,0.6012269938650308,98,129,1,152
300,None,5,0.34,0.4666666666666667,0.98989898989899,0.6343042071197411,98,112,1,169
300,None,5,0.36,0.5051546391752577,0.98989898989899,0.6689419795221843,98,96,1,185
300,None,5,0.38,0.5303867403314917,0.9696969696969697,0.6857142857142856,96,85,3,196
300,None,5,0.4,0.5581395348837209,0.9696969696969697,0.7084870848708487,96,76,3,205
300,None,5,0.42,0.5864197530864198,0.9595959595959596,0.7279693486590038,95,67,4,214
300,None,5,0.44,0.6012658227848101,0.9595959595959596,0.7392996108949417,95,63,4,218
300,None,5,0.46,0.6319444444444444,0.9191919191919192,0.7489711934156379,91,53,8,228
300,None,5,0.48,0.6742424242424242,0.898989898989899,0.7705627705627706,89,43,10,238
300,None,5,0.5,0.6885245901639344,0.8484848484848485,0.7601809954751131,84,38,15,243
300,None,5,0.52,0.7321428571428571,0.8282828282828283,0.7772511848341231,82,30,17,251
300,None,5,0.54,0.7378640776699029,0.7676767676767676,0.7524752475247525,76,27,23,254
300,None,5,0.56,0.7553191489361702,0.7171717171717171,0.7357512953367876,71,23,28,258
300,None,5,0.58,0.7710843373493976,0.6464646464646465,0.7032967032967034,64,19,35,262
300,None,5,0.6,0.7777777777777778,0.5656565656565656,0.6549707602339181,56,16,43,265
300,None,5,0.62,0.7704918032786885,0.47474747474747475,0.5875,47,14,52,267
300,None,5,0.64,0.7647058823529411,0.3939393939393939,0.5199999999999999,39,12,60,269
300,None,5,0.66,0.85,0.3434343434343434,0.48920863309352514,34,6,65,275
300,None,5,0.68,0.8787878787878788,0.29292929292929293,0.4393939393939394,29,4,70,277
300,None,5,0.7,0.8928571428571429,0.25252525252525254,0.3937007874015748,25,3,74,278
300,None,5,0.72,0.9,0.18181818181818182,0.3025210084033613,18,2,81,279
300,None,5,0.74,1.0,0.10101010101010101,0.1834862385321101,10,0,89,281
300,None,5,0.76,1.0,0.06060606060606061,0.1142857142857143,6,0,93,281
300,None,5,0.78,1.0,0.050505050505050504,0.09615384615384615,5,0,94,281
300,None,5,0.8,1.0,0.030303030303030304,0.05882352941176471,3,0,96,281
300,None,10,0.2,0.29376854599406527,1.0,0.4541284403669724,99,238,0,43
300,None,10,0.22,0.3009118541033435,1.0,0.46261682242990654,99,230,0,51
300,None,10,0.24,0.31329113924050633,1.0,0.47710843373493983,99,217,0,64
300,None,10,0.26,0.32459016393442625,1.0,0.49009900990099015,99,206,0,75
300,None,10,0.28,0.3333333333333333,1.0,0.5,99,198,0,83
300,None,10,0.3,0.3473684210526316,1.0,0.515625,99,186,0,95
300,None,10,0.32,0.3680297397769517,1.0,0.5380434782608696,99,170,0,111
300,None,10,0.34,0.3852140077821012,1.0,0.5561797752808989,99,158,0,123
300,None,10,0.36,0.41596638655462187,1.0,0.5875370919881305,99,139,0,142
300,None,10,0.38,0.45161290322580644,0.98989898989899,0.620253164556962,98,119,1,162
300,None,10,0.4,0.47115384615384615,0.98989898989899,0.6384364820846906,98,110,1,171
300,None,10,0.42,0.5105263157894737,0.9797979797979798,0.6712802768166091,97,93,2,188
300,None,10,0.44,0.5333333333333333,0.9696969696969697,0.6881720430107527,96,84,3,197
300,None,10,0.46,0.562874251497006,0.9494949494949495,0.706766917293233,94,73,5,208
300,None,10,0.48,0.5973154362416108,0.898989898989899,0.7177419354838711,89,60,10,221
300,None,10,0.5,0.6417910447761194,0.8686868686868687,0.7381974248927038,86,48,13,233
300,None,10,0.52,0.6721311475409836,0.8282828282828283,0.7420814479638008,82,40,17,241
300,None,10,0.54,0.6956521739130435,0.8080808080808081,0.7476635514018692,80,35,19,246
300,None,10,0.56,0.7395833333333334,0.7171717171717171,0.7282051282051282,71,25,28,256
300,None,10,0.58,0.75,0.6060606060606061,0.670391061452514,60,20,39,261
300,None,10,0.6,0.7846153846153846,0.5151515151515151,0.6219512195121952,51,14,48,267
300,None,10,0.62,0.7894736842105263,0.45454545454545453,0.5769230769230769,45,12,54,269
300,None,10,0.64,0.8222222222222222,0.37373737373737376,0.513888888888889,37,8,62,273
300,None,10,0.66,0.8275862068965517,0.24242424242424243,0.37499999999999994,24,5,75,276
300,None,10,0.68,0.9047619047619048,0.1919191919191919,0.31666666666666665,19,2,80,279
300,None,10,0.7,0.8333333333333334,0.10101010101010101,0.1801801801801802,10,2,89,279
300,None,10,0.72,1.0,0.0707070707070707,0.1320754716981132,7,0,92,281
300,None,10,0.74,1.0,0.010101010101010102,0.02,1,0,98,281
300,None,10,0.76,1.0,0.010101010101010102,0.02,1,0,98,281
300,None,10,0.78,0.0,0.0,0.0,0,0,99,281
300,None,10,0.8,0.0,0.0,0.0,0,0,99,281
300,5,1,0.2,0.2727272727272727,1.0,0.42857142857142855,99,264,0,17
300,5,1,0.22,0.275,1.0,0.4313725490196079,99,261,0,20
300,5,1,0.24,0.28205128205128205,1.0,0.44000000000000006,99,252,0,29
300,5,1,0.26,0.2920353982300885,1.0,0.452054794520548,99,240,0,41
300,5,1,0.28,0.3103448275862069,1.0,0.4736842105263158,99,220,0,61
300,5,1,0.3,0.3311036789297659,1.0,0.49748743718592964,99,200,0,81
300,5,1,0.32,0.34256055363321797,1.0,0.5103092783505154,99,190,0,91
300,5,1,0.34,0.3548387096774194,1.0,0.5238095238095238,99,180,0,101
300,5,1,0.36,0.376425855513308,1.0,0.5469613259668509,99,164,0,117
300,5,1,0.38,0.39759036144578314,1.0,0.5689655172413793,99,150,0,131
300,5,1,0.4,0.42127659574468085,1.0,0.592814371257485,99,136,0,145
300,5,1,0.42,0.4419642857142857,1.0,0.6130030959752323,99,125,0,156
300,5,1,0.44,0.47368421052631576,1.0,0.6428571428571429,99,110,0,171
300,5,1,0.46,0.5052083333333334,0.9797979797979798,0.6666666666666667,97,95,2,186
300,5,1,0.48,0.536723163841808,0.9595959595959596,0.6884057971014493,95,82,4,199
300,5,1,0.5,0.5759493670886076,0.9191919191919192,0.708171206225681,91,67,8,214
300,5,1,0.52,0.6148148148148148,0.8383838383838383,0.7094017094017093,83,52,16,229
300,5,1,0.54,0.6228070175438597,0.7171717171717171,0.6666666666666667,71,43,28,238
300,5,1,0.56,0.6823529411764706,0.5858585858585859,0.6304347826086957,58,27,41,254
300,5,1,0.58,0.734375,0.47474747474747475,0.5766871165644173,47,17,52,264
300,5,1,0.6,0.7959183673469388,0.3939393939393939,0.5270270270270271,39,10,60,271
300,5,1,0.62,0.8,0.32323232323232326,0.460431654676259,32,8,67,273
300,5,1,0.64,0.896551724137931,0.26262626262626265,0.40625000000000006,26,3,73,278
300,5,1,0.66,0.9375,0.15151515151515152,0.2608695652173913,15,1,84,280
300,5,1,0.68,1.0,0.06060606060606061,0.1142857142857143,6,0,93,281
300,5,1,0.7,1.0,0.010101010101010102,0.02,1,0,98,281
300,5,1,0.72,0.0,0.0,0.0,0,0,99,281
300,5,1,0.74,0.0,0.0,0.0,0,0,99,281
300,5,1,0.76,0.0,0.0,0.0,0,0,99,281
300,5,1,0.78,0.0,0.0,0.0,0,0,99,281
300,5,1,0.8,0.0,0.0,0.0,0,0,99,281
300,5,5,0.2,0.26975476839237056,1.0,0.424892703862661,99,268,0,13
300,5,5,0.22,0.2742382271468144,1.0,0.4304347826086956,99,262,0,19
300,5,5,0.24,0.27887323943661974,1.0,0.43612334801762115,99,256,0,25
300,5,5,0.26,0.2886297376093295,1.0,0.44796380090497745,99,244,0,37
300,5,5,0.28,0.3113207547169811,1.0,0.4748201438848921,99,219,0,62
300,5,5,0.3,0.32459016393442625,1.0,0.49009900990099015,99,206,0,75
300,5,5,0.32,0.339041095890411,1.0,0.5063938618925831,99,193,0,88
300,5,5,0.34,0.3498233215547703,1.0,0.5183246073298429,99,184,0,97
300,5,5,0.36,0.3626373626373626,1.0,0.532258064516129,99,174,0,107
300,5,5,0.38,0.39285714285714285,1.0,0.5641025641025641,99,153,0,128
300,5,5,0.4,0.4125,1.0,0.5840707964601769,99,141,0,140
300,5,5,0.42,0.4342105263157895,1.0,0.6055045871559633,99,129,0,152
300,5,5,0.44,0.46261682242990654,1.0,0.6325878594249201,99,115,0,166
300,5,5,0.46,0.5051020408163265,1.0,0.6711864406779661,99,97,0,184
300,5,5,0.48,0.5333333333333333,0.9696969696969697,0.6881720430107527,96,84,3,197
300,5,5,0.5,0.5714285714285714,0.9292929292929293,0.7076923076923076,92,69,7,212
300,5,5,0.52,0.6029411764705882,0.8282828282828283,0.6978723404255318,82,54,17,227
300,5,5,0.54,0.6153846153846154,0.7272727272727273,0.6666666666666667,72,45,27,236
300,5,5,0.56,0.6593406593406593,0.6060606060606061,0.631578947368421,60,31,39,250
300,5,5,0.58,0.746031746031746,0.47474747474747475,0.5802469135802469,47,16,52,265
300,5,5,0.6,0.7659574468085106,0.36363636363636365,0.4931506849315069,36,11,63,270
300,5,5,0.62,0.8048780487804879,0.3333333333333333,0.4714285714285715,33,8,66,273
300,5,5,0.64,0.8518518518518519,0.23232323232323232,0.36507936507936506,23,4,76,277
300,5,5,0.66,0.9166666666666666,0.1111111111111111,0.1981981981981982,11,1,88,280
300,5,5,0.68,1.0,0.04040404040404041,0.07766990291262137,4,0,95,281
300,5,5,0.7,0.0,0.0,0.0,0,0,99,281
300,5,5,0.72,0.0,0.0,0.0,0,0,99,281
300,5,5,0.74,0.0,0.0,0.0,0,0,99,281
300,5,5,0.76,0.0,0.0,0.0,0,0,99,281
300,5,5,0.78,0.0,0.0,0.0,0,0,99,281
300,5,5,0.8,0.0,0.0,0.0,0,0,99,281
300,5,10,0.2,0.26541554959785524,1.0,0.41949152542372886,99,274,0,7
300,5,10,0.22,0.26902173913043476,1.0,0.4239828693790149,99,269,0,12
300,5,10,0.24,0.275,1.0,0.4313725490196079,99,261,0,20
300,5,10,0.26,0.28125,1.0,0.43902439024390244,99,253,0,28
300,5,10,0.28,0.2964071856287425,1.0,0.4572748267898384,99,235,0,46
300,5,10,0.3,0.31329113924050633,1.0,0.47710843373493983,99,217,0,64
300,5,10,0.32,0.3333333333333333,1.0,0.5,99,198,0,83
300,5,10,0.34,0.3378839590443686,1.0,0.5051020408163265,99,194,0,87
300,5,10,0.36,0.35611510791366907,1.0,0.5251989389920424,99,179,0,102
300,5,10,0.38,0.38823529411764707,1.0,0.5593220338983051,99,156,0,125
300,5,10,0.4,0.4090909090909091,1.0,0.5806451612903226,99,143,0,138
300,5,10,0.42,0.43612334801762115,1.0,0.607361963190184,99,128,0,153
300,5,10,0.44,0.47368421052631576,1.0,0.6428571428571429,99,110,0,171
300,5,10,0.46,0.5051020408163265,1.0,0.6711864406779661,99,97,0,184
300,5,10,0.48,0.5371428571428571,0.9494949494949495,0.6861313868613138,94,81,5,200
300,5,10,0.5,0.5816993464052288,0.898989898989899,0.7063492063492065,89,64,10,217
300,5,10,0.52,0.6102941176470589,0.8383838383838383,0.7063829787234043,83,53,16,228
300,5,10,0.54,0.6610169491525424,0.7878787878787878,0.7188940092165897,78,40,21,241
300,5,10,0.56,0.6777777777777778,0.6161616161616161,0.6455026455026455,61,29,38,252
300,5,10,0.58,0.7741935483870968,0.48484848484848486,0.5962732919254659,48,14,51,267
300,5,10,0.6,0.78,0.3939393939393939,0.5234899328859061,39,11,60,270
300,5,10,0.62,0.7948717948717948,0.31313131313131315,0.44927536231884063,31,8,68,273
300,5,10,0.64,0.84,0.21212121212121213,0.33870967741935487,21,4,78,277
300,5,10,0.66,0.9,0.09090909090909091,0.16513761467889906,9,1,90,280
300,5,10,0.68,1.0,0.010101010101010102,0.02,1,0,98,281
300,5,10,0.7,0.0,0.0,0.0,0,0,99,281
300,5,10,0.72,0.0,0.0,0.0,0,0,99,281
300,5,10,0.74,0.0,0.0,0.0,0,0,99,281
300,5,10,0.76,0.0,0.0,0.0,0,0,99,281
300,5,10,0.78,0.0,0.0,0.0,0,0,99,281
300,5,10,0.8,0.0,0.0,0.0,0,0,99,281
300,10,1,0.2,0.35106382978723405,1.0,0.5196850393700788,99,183,0,98
300,10,1,0.22,0.3680297397769517,1.0,0.5380434782608696,99,170,0,111
300,10,1,0.24,0.38823529411764707,1.0,0.5593220338983051,99,156,0,125
300,10,1,0.26,0.4083333333333333,0.98989898989899,0.5781710914454278,98,142,1,139
300,10,1,0.28,0.43946188340807174,0.98989898989899,0.608695652173913,98,125,1,156
300,10,1,0.3,0.4537037037037037,0.98989898989899,0.6222222222222221,98,118,1,163
300,10,1,0.32,0.47804878048780486,0.98989898989899,0.6447368421052632,98,107,1,174
300,10,1,0.34,0.5159574468085106,0.9797979797979798,0.6759581881533101,97,91,2,190
300,10,1,0.36,0.5359116022099447,0.9797979797979798,0.6928571428571428,97,84,2,197
300,10,1,0.38,0.5647058823529412,0.9696969696969697,0.7137546468401487,96,74,3,207
300,10,1,0.4,0.59375,0.9595959595959596,0.7335907335907336,95,65,4,216
300,10,1,0.42,0.6351351351351351,0.9494949494949495,0.7611336032388665,94,54,5,227
300,10,1,0.44,0.6618705035971223,0.9292929292929293,0.7731092436974789,92,47,7,234
300,10,1,0.46,0.6991869918699187,0.8686868686868687,0.7747747747747749,86,37,13,244
300,10,1,0.48,0.7327586206896551,0.8585858585858586,0.7906976744186046,85,31,14,250
300,10,1,0.5,0.7407407407407407,0.8080808080808081,0.7729468599033815,80,28,19,253
300,10,1,0.52,0.75,0.7878787878787878,0.7684729064039408,78,26,21,255
300,10,1,0.54,0.7684210526315789,0.7373737373737373,0.7525773195876289,73,22,26,259
300,10,1,0.56,0.7752808988764045,0.696969696969697,0.7340425531914893,69,20,30,261
300,10,1,0.58,0.7792207792207793,0.6060606060606061,0.6818181818181818,60,17,39,264
300,10,1,0.6,0.7692307692307693,0.5050505050505051,0.6097560975609756,50,15,49,266
300,10,1,0.62,0.7678571428571429,0.43434343434343436,0.5548387096774193,43,13,56,268
300,10,1,0.64,0.8085106382978723,0.3838383838383838,0.5205479452054794,38,9,61,272
300,10,1,0.66,0.8857142857142857,0.31313131313131315,0.4626865671641791,31,4,68,277
300,10,1,0.68,0.8857142857142857,0.31313131313131315,0.4626865671641791,31,4,68,277
300,10,1,0.7,0.8846153846153846,0.23232323232323232,0.368,23,3,76,278
300,10,1,0.72,0.9047619047619048,0.1919191919191919,0.31666666666666665,19,2,80,279
300,10,1,0.74,0.9333333333333333,0.1414141414141414,0.24561403508771928,14,1,85,280
300,10,1,0.76,1.0,0.09090909090909091,0.16666666666666669,9,0,90,281
300,10,1,0.78,1.0,0.0707070707070707,0.1320754716981132,7,0,92,281
300,10,1,0.8,1.0,0.030303030303030304,0.05882352941176471,3,0,96,281
300,10,5,0.2,0.3046153846153846,1.0,0.46698113207547176,99,226,0,55
300,10,5,0.22,0.3173076923076923,1.0,0.4817518248175182,99,213,0,68
300,10,5,0.24,0.32781456953642385,1.0,0.4937655860349127,99,203,0,78
300,10,5,0.26,0.34494773519163763,1.0,0.5129533678756476,99,188,0,93
300,10,5,0.28,0.358695652173913,1.0,0.5279999999999999,99,177,0,104
300,10,5,0.3,0.3793103448275862,1.0,0.5499999999999999,99,162,0,119
300,10,5,0.32,0.39759036144578314,1.0,0.5689655172413793,99,150,0,131
300,10,5,0.34,0.4177215189873418,1.0,0.5892857142857143,99,138,0,143
300,10,5,0.36,0.45,1.0,0.6206896551724138,99,121,0,160
300,10,5,0.38,0.49,0.98989898989899,0.6555183946488294,98,102,1,179
300,10,5,0.4,0.5268817204301075,0.98989898989899,0.687719298245614,98,88,1,193
300,10,5,0.42,0.5542857142857143,0.9797979797979798,0.708029197080292,97,78,2,203
300,10,5,0.44,0.573170731707317,0.9494949494949495,0.7148288973384029,94,70,5,211
300,10,5,0.46,0.5923566878980892,0.9393939393939394,0.7265625,93,64,6,217
300,10,5,0.48,0.6153846153846154,0.8888888888888888,0.7272727272727274,88,55,11,226
300,10,5,0.5,0.6640625,0.8585858585858586,0.748898678414097,85,43,14,238
300,10,5,0.52,0.7079646017699115,0.8080808080808081,0.7547169811320754,80,33,19,248
300,10,5,0.54,0.7326732673267327,0.7474747474747475,0.74,74,27,25,254
300,10,5,0.56,0.7340425531914894,0.696969696969697,0.7150259067357513,69,25,30,256
300,10,5,0.58,0.7625,0.6161616161616161,0.6815642458100558,61,19,38,262
300,10,5,0.6,0.7647058823529411,0.5252525252525253,0.6227544910179641,52,16,47,265
300,10,5,0.62,0.7586206896551724,0.4444444444444444,0.5605095541401274,44,14,55,267
300,10,5,0.64,0.7555555555555555,0.3434343434343434,0.47222222222222215,34,11,65,270
300,10,5,0.66,0.8529411764705882,0.29292929292929293,0.43609022556390975,29,5,70,276
300,10,5,0.68,0.8888888888888888,0.24242424242424243,0.38095238095238093,24,3,75,278
300,10,5,0.7,0.9,0.18181818181818182,0.3025210084033613,18,2,81,279
300,10,5,0.72,0.9166666666666666,0.1111111111111111,0.1981981981981982,11,1,88,280
300,10,5,0.74,1.0,0.08080808080808081,0.14953271028037382,8,0,91,281
300,10,5,0.76,1.0,0.030303030303030304,0.05882352941176471,3,0,96,281
300,10,5,0.78,1.0,0.030303030303030304,0.05882352941176471,3,0,96,281
300,10,5,0.8,1.0,0.020202020202020204,0.03960396039603961,2,0,97,281
300,10,10,0.2,0.29464285714285715,1.0,0.4551724137931034,99,237,0,44
300,10,10,0.22,0.30745341614906835,1.0,0.4703087885985749,99,223,0,58
300,10,10,0.24,0.3183279742765273,1.0,0.48292682926829267,99,212,0,69
300,10,10,0.26,0.3256578947368421,1.0,0.49131513647642683,99,205,0,76
300,10,10,0.28,0.3333333333333333,1.0,0.5,99,198,0,83
300,10,10,0.3,0.3485915492957746,1.0,0.5169712793733682,99,185,0,96
300,10,10,0.32,0.3694029850746269,1.0,0.5395095367847412,99,169,0,112
300,10,10,0.34,0.38976377952755903,1.0,0.5609065155807366,99,155,0,126
300,10,10,0.36,0.4107883817427386,1.0,0.5823529411764706,99,142,0,139
300,10,10,0.38,0.4479638009049774,1.0,0.61875,99,122,0,159
300,10,10,0.4,0.48058252427184467,1.0,0.6491803278688525,99,107,0,174
300,10,10,0.42,0.5,0.98989898989899,0.6644067796610169,98,98,1,183
300,10,10,0.44,0.5245901639344263,0.9696969696969697,0.6808510638297871,96,87,3,194
300,10,10,0.46,0.5562130177514792,0.9494949494949495,0.7014925373134329,94,75,5,206
300,10,10,0.48,0.5909090909090909,0.9191919191919192,0.7193675889328064,91,63,8,218
300,10,10,0.5,0.6323529411764706,0.8686868686868687,0.7319148936170213,86,50,13,231
300,10,10,0.52,0.6693548387096774,0.8383838383838383,0.7443946188340806,83,41,16,240
300,10,10,0.54,0.6902654867256637,0.7878787878787878,0.7358490566037735,78,35,21,246
300,10,10,0.56,0.7474747474747475,0.7474747474747475,0.7474747474747475,74,25,25,256
300,10,10,0.58,0.7530864197530864,0.6161616161616161,0.6777777777777777,61,20,38,261
300,10,10,0.6,0.7794117647058824,0.5353535353535354,0.6347305389221557,53,15,46,266
300,10,10,0.62,0.7894736842105263,0.45454545454545453,0.5769230769230769,45,12,54,269
300,10,10,0.64,0.8372093023255814,0.36363636363636365,0.5070422535211268,36,7,63,274
300,10,10,0.66,0.8275862068965517,0.24242424242424243,0.37499999999999994,24,5,75,276
300,10,10,0.68,0.9047619047619048,0.1919191919191919,0.31666666666666665,19,2,80,279
300,10,10,0.7,0.8333333333333334,0.10101010101010101,0.1801801801801802,10,2,89,279
300,10,10,0.72,1.0,0.0707070707070707,0.1320754716981132,7,0,92,281
300,10,10,0.74,1.0,0.010101010101010102,0.02,1,0,98,281
300,10,10,0.76,1.0,0.010101010101010102,0.02,1,0,98,281
300,10,10,0.78,0.0,0.0,0.0,0,0,99,281
300,10,10,0.8,0.0,0.0,0.0,0,0,99,281
